7840,ABKHAZIA
7940,ABKHAZIA CELLULAR
79409,ABKHAZIA CELLULAR AQUAFON
93,AFGHANISTAN
9374,AFGHANISTAN CELLULAR AT
9375,AFGHANISTAN CELLULAR AT
9370,AFGHANISTAN CELLULAR AWCC
9371,AFGHANISTAN CELLULAR AWCC
9373,AFGHANISTAN CELLULAR ETISALAT
9378,AFGHANISTAN CELLULAR ETISALAT
9376,AFGHANISTAN CELLULAR MTN
9377,AFGHANISTAN CELLULAR MTN
9372,AFGHANISTAN CELLULAR ROSHAN
9379,AFGHANISTAN CELLULAR ROSHAN
355,ALBANIA
3554249,ALBANIA FIXED ALBTEL
3554250,ALBANIA FIXED ALBTEL
35542510,ALBANIA FIXED ALBTEL
35542511,ALBANIA FIXED ALBTEL
35542512,ALBANIA FIXED ALBTEL
35542513,ALBANIA FIXED ALBTEL
35542514,ALBANIA FIXED ALBTEL
35542515,ALBANIA FIXED ALBTEL
35542516,ALBANIA FIXED ALBTEL
35542518,ALBANIA FIXED ALBTEL
35542519,ALBANIA FIXED ALBTEL
3554252,ALBANIA FIXED ALBTEL
35521160,ALBANIA FIXED TELEKOM ALBANIA
35521161,ALBANIA FIXED TELEKOM ALBANIA
35521250,ALBANIA FIXED TELEKOM ALBANIA
35521340,ALBANIA FIXED TELEKOM ALBANIA
35521440,ALBANIA FIXED TELEKOM ALBANIA
3552155,ALBANIA FIXED TELEKOM ALBANIA
35521650,ALBANIA FIXED TELEKOM ALBANIA
35521651,ALBANIA FIXED TELEKOM ALBANIA
35521740,ALBANIA FIXED TELEKOM ALBANIA
35521741,ALBANIA FIXED TELEKOM ALBANIA
3552185,ALBANIA FIXED TELEKOM ALBANIA
35521940,ALBANIA FIXED TELEKOM ALBANIA
3552253,ALBANIA FIXED TELEKOM ALBANIA
3552254,ALBANIA FIXED TELEKOM ALBANIA
3552440,ALBANIA FIXED TELEKOM ALBANIA
35526160,ALBANIA FIXED TELEKOM ALBANIA
35526250,ALBANIA FIXED TELEKOM ALBANIA
35526293,ALBANIA FIXED TELEKOM ALBANIA
35526323,ALBANIA FIXED TELEKOM ALBANIA
35526350,ALBANIA FIXED TELEKOM ALBANIA
35526363,ALBANIA FIXED TELEKOM ALBANIA
35526373,ALBANIA FIXED TELEKOM ALBANIA
35526383,ALBANIA FIXED TELEKOM ALBANIA
35526450,ALBANIA FIXED TELEKOM ALBANIA
35526490,ALBANIA FIXED TELEKOM ALBANIA
35526523,ALBANIA FIXED TELEKOM ALBANIA
35526563,ALBANIA FIXED TELEKOM ALBANIA
35526650,ALBANIA FIXED TELEKOM ALBANIA
35526673,ALBANIA FIXED TELEKOM ALBANIA
35526723,ALBANIA FIXED TELEKOM ALBANIA
35526770,ALBANIA FIXED TELEKOM ALBANIA
35526840,ALBANIA FIXED TELEKOM ALBANIA
35526890,ALBANIA FIXED TELEKOM ALBANIA
35526950,ALBANIA FIXED TELEKOM ALBANIA
35526970,ALBANIA FIXED TELEKOM ALBANIA
35526990,ALBANIA FIXED TELEKOM ALBANIA
35527023,ALBANIA FIXED TELEKOM ALBANIA
35527043,ALBANIA FIXED TELEKOM ALBANIA
35527053,ALBANIA FIXED TELEKOM ALBANIA
35527070,ALBANIA FIXED TELEKOM ALBANIA
35527140,ALBANIA FIXED TELEKOM ALBANIA
35527190,ALBANIA FIXED TELEKOM ALBANIA
35527223,ALBANIA FIXED TELEKOM ALBANIA
35527253,ALBANIA FIXED TELEKOM ALBANIA
35527280,ALBANIA FIXED TELEKOM ALBANIA
35527323,ALBANIA FIXED TELEKOM ALBANIA
35527350,ALBANIA FIXED TELEKOM ALBANIA
35527370,ALBANIA FIXED TELEKOM ALBANIA
35527390,ALBANIA FIXED TELEKOM ALBANIA
35527440,ALBANIA FIXED TELEKOM ALBANIA
35527470,ALBANIA FIXED TELEKOM ALBANIA
35527490,ALBANIA FIXED TELEKOM ALBANIA
35527523,ALBANIA FIXED TELEKOM ALBANIA
35527550,ALBANIA FIXED TELEKOM ALBANIA
35527570,ALBANIA FIXED TELEKOM ALBANIA
35527590,ALBANIA FIXED TELEKOM ALBANIA
35527623,ALBANIA FIXED TELEKOM ALBANIA
35527660,ALBANIA FIXED TELEKOM ALBANIA
35527693,ALBANIA FIXED TELEKOM ALBANIA
35527723,ALBANIA FIXED TELEKOM ALBANIA
35527760,ALBANIA FIXED TELEKOM ALBANIA
35527790,ALBANIA FIXED TELEKOM ALBANIA
35527840,ALBANIA FIXED TELEKOM ALBANIA
35527860,ALBANIA FIXED TELEKOM ALBANIA
35527880,ALBANIA FIXED TELEKOM ALBANIA
35527923,ALBANIA FIXED TELEKOM ALBANIA
35527950,ALBANIA FIXED TELEKOM ALBANIA
35527970,ALBANIA FIXED TELEKOM ALBANIA
35527990,ALBANIA FIXED TELEKOM ALBANIA
35528143,ALBANIA FIXED TELEKOM ALBANIA
35528144,ALBANIA FIXED TELEKOM ALBANIA
35528190,ALBANIA FIXED TELEKOM ALBANIA
35528223,ALBANIA FIXED TELEKOM ALBANIA
35528250,ALBANIA FIXED TELEKOM ALBANIA
35528270,ALBANIA FIXED TELEKOM ALBANIA
35528290,ALBANIA FIXED TELEKOM ALBANIA
35528323,ALBANIA FIXED TELEKOM ALBANIA
35528350,ALBANIA FIXED TELEKOM ALBANIA
35528390,ALBANIA FIXED TELEKOM ALBANIA
35528450,ALBANIA FIXED TELEKOM ALBANIA
35528523,ALBANIA FIXED TELEKOM ALBANIA
35528570,ALBANIA FIXED TELEKOM ALBANIA
35528623,ALBANIA FIXED TELEKOM ALBANIA
35528643,ALBANIA FIXED TELEKOM ALBANIA
35528680,ALBANIA FIXED TELEKOM ALBANIA
35528763,ALBANIA FIXED TELEKOM ALBANIA
35528790,ALBANIA FIXED TELEKOM ALBANIA
35528823,ALBANIA FIXED TELEKOM ALBANIA
35528850,ALBANIA FIXED TELEKOM ALBANIA
35528870,ALBANIA FIXED TELEKOM ALBANIA
35528890,ALBANIA FIXED TELEKOM ALBANIA
35528923,ALBANIA FIXED TELEKOM ALBANIA
35528950,ALBANIA FIXED TELEKOM ALBANIA
35528970,ALBANIA FIXED TELEKOM ALBANIA
35528990,ALBANIA FIXED TELEKOM ALBANIA
35529140,ALBANIA FIXED TELEKOM ALBANIA
35529190,ALBANIA FIXED TELEKOM ALBANIA
35529240,ALBANIA FIXED TELEKOM ALBANIA
35529280,ALBANIA FIXED TELEKOM ALBANIA
35529340,ALBANIA FIXED TELEKOM ALBANIA
35529370,ALBANIA FIXED TELEKOM ALBANIA
35529390,ALBANIA FIXED TELEKOM ALBANIA
35529423,ALBANIA FIXED TELEKOM ALBANIA
35529460,ALBANIA FIXED TELEKOM ALBANIA
35529490,ALBANIA FIXED TELEKOM ALBANIA
35529523,ALBANIA FIXED TELEKOM ALBANIA
35529550,ALBANIA FIXED TELEKOM ALBANIA
35529570,ALBANIA FIXED TELEKOM ALBANIA
35529590,ALBANIA FIXED TELEKOM ALBANIA
35529623,ALBANIA FIXED TELEKOM ALBANIA
35529650,ALBANIA FIXED TELEKOM ALBANIA
35529680,ALBANIA FIXED TELEKOM ALBANIA
35529723,ALBANIA FIXED TELEKOM ALBANIA
35529750,ALBANIA FIXED TELEKOM ALBANIA
35529763,ALBANIA FIXED TELEKOM ALBANIA
35529780,ALBANIA FIXED TELEKOM ALBANIA
35531150,ALBANIA FIXED TELEKOM ALBANIA
35531151,ALBANIA FIXED TELEKOM ALBANIA
35531250,ALBANIA FIXED TELEKOM ALBANIA
35531350,ALBANIA FIXED TELEKOM ALBANIA
35531351,ALBANIA FIXED TELEKOM ALBANIA
3553270,ALBANIA FIXED TELEKOM ALBANIA
3553350,ALBANIA FIXED TELEKOM ALBANIA
3553351,ALBANIA FIXED TELEKOM ALBANIA
3553490,ALBANIA FIXED TELEKOM ALBANIA
3553491,ALBANIA FIXED TELEKOM ALBANIA
3553560,ALBANIA FIXED TELEKOM ALBANIA
35536023,ALBANIA FIXED TELEKOM ALBANIA
35536043,ALBANIA FIXED TELEKOM ALBANIA
35536063,ALBANIA FIXED TELEKOM ALBANIA
35536073,ALBANIA FIXED TELEKOM ALBANIA
35536090,ALBANIA FIXED TELEKOM ALBANIA
35536150,ALBANIA FIXED TELEKOM ALBANIA
35536240,ALBANIA FIXED TELEKOM ALBANIA
35536290,ALBANIA FIXED TELEKOM ALBANIA
35536340,ALBANIA FIXED TELEKOM ALBANIA
35536380,ALBANIA FIXED TELEKOM ALBANIA
35536440,ALBANIA FIXED TELEKOM ALBANIA
35536480,ALBANIA FIXED TELEKOM ALBANIA
35536540,ALBANIA FIXED TELEKOM ALBANIA
35536580,ALBANIA FIXED TELEKOM ALBANIA
35536640,ALBANIA FIXED TELEKOM ALBANIA
35536670,ALBANIA FIXED TELEKOM ALBANIA
35536740,ALBANIA FIXED TELEKOM ALBANIA
35536770,ALBANIA FIXED TELEKOM ALBANIA
35536840,ALBANIA FIXED TELEKOM ALBANIA
35536890,ALBANIA FIXED TELEKOM ALBANIA
35536923,ALBANIA FIXED TELEKOM ALBANIA
35536993,ALBANIA FIXED TELEKOM ALBANIA
35537140,ALBANIA FIXED TELEKOM ALBANIA
35537141,ALBANIA FIXED TELEKOM ALBANIA
35537223,ALBANIA FIXED TELEKOM ALBANIA
35537263,ALBANIA FIXED TELEKOM ALBANIA
35537283,ALBANIA FIXED TELEKOM ALBANIA
35537293,ALBANIA FIXED TELEKOM ALBANIA
35537340,ALBANIA FIXED TELEKOM ALBANIA
35537370,ALBANIA FIXED TELEKOM ALBANIA
35537393,ALBANIA FIXED TELEKOM ALBANIA
35537450,ALBANIA FIXED TELEKOM ALBANIA
35537490,ALBANIA FIXED TELEKOM ALBANIA
35537523,ALBANIA FIXED TELEKOM ALBANIA
35537563,ALBANIA FIXED TELEKOM ALBANIA
35537590,ALBANIA FIXED TELEKOM ALBANIA
35537623,ALBANIA FIXED TELEKOM ALBANIA
35537680,ALBANIA FIXED TELEKOM ALBANIA
35537740,ALBANIA FIXED TELEKOM ALBANIA
35537773,ALBANIA FIXED TELEKOM ALBANIA
35537790,ALBANIA FIXED TELEKOM ALBANIA
35537823,ALBANIA FIXED TELEKOM ALBANIA
35537843,ALBANIA FIXED TELEKOM ALBANIA
35537853,ALBANIA FIXED TELEKOM ALBANIA
35537870,ALBANIA FIXED TELEKOM ALBANIA
35537890,ALBANIA FIXED TELEKOM ALBANIA
35538150,ALBANIA FIXED TELEKOM ALBANIA
35538151,ALBANIA FIXED TELEKOM ALBANIA
35538152,ALBANIA FIXED TELEKOM ALBANIA
35538240,ALBANIA FIXED TELEKOM ALBANIA
35538241,ALBANIA FIXED TELEKOM ALBANIA
35538350,ALBANIA FIXED TELEKOM ALBANIA
35538423,ALBANIA FIXED TELEKOM ALBANIA
35538470,ALBANIA FIXED TELEKOM ALBANIA
35538523,ALBANIA FIXED TELEKOM ALBANIA
35538593,ALBANIA FIXED TELEKOM ALBANIA
35538623,ALBANIA FIXED TELEKOM ALBANIA
35538650,ALBANIA FIXED TELEKOM ALBANIA
35538680,ALBANIA FIXED TELEKOM ALBANIA
35538693,ALBANIA FIXED TELEKOM ALBANIA
35538725,ALBANIA FIXED TELEKOM ALBANIA
35538790,ALBANIA FIXED TELEKOM ALBANIA
35538850,ALBANIA FIXED TELEKOM ALBANIA
35538940,ALBANIA FIXED TELEKOM ALBANIA
35538980,ALBANIA FIXED TELEKOM ALBANIA
35539150,ALBANIA FIXED TELEKOM ALBANIA
35539151,ALBANIA FIXED TELEKOM ALBANIA
35539240,ALBANIA FIXED TELEKOM ALBANIA
35539241,ALBANIA FIXED TELEKOM ALBANIA
35539360,ALBANIA FIXED TELEKOM ALBANIA
35539361,ALBANIA FIXED TELEKOM ALBANIA
35539450,ALBANIA FIXED TELEKOM ALBANIA
35539560,ALBANIA FIXED TELEKOM ALBANIA
35539640,ALBANIA FIXED TELEKOM ALBANIA
35539690,ALBANIA FIXED TELEKOM ALBANIA
35539740,ALBANIA FIXED TELEKOM ALBANIA
35539790,ALBANIA FIXED TELEKOM ALBANIA
35539823,ALBANIA FIXED TELEKOM ALBANIA
35539850,ALBANIA FIXED TELEKOM ALBANIA
35539880,ALBANIA FIXED TELEKOM ALBANIA
3554630,ALBANIA FIXED TELEKOM ALBANIA
3554631,ALBANIA FIXED TELEKOM ALBANIA
3554632,ALBANIA FIXED TELEKOM ALBANIA
3554633,ALBANIA FIXED TELEKOM ALBANIA
35547210,ALBANIA FIXED TELEKOM ALBANIA
35547425,ALBANIA FIXED TELEKOM ALBANIA
35547550,ALBANIA FIXED TELEKOM ALBANIA
35547700,ALBANIA FIXED TELEKOM ALBANIA
35547870,ALBANIA FIXED TELEKOM ALBANIA
35547950,ALBANIA FIXED TELEKOM ALBANIA
35548270,ALBANIA FIXED TELEKOM ALBANIA
35548271,ALBANIA FIXED TELEKOM ALBANIA
35548272,ALBANIA FIXED TELEKOM ALBANIA
35548570,ALBANIA FIXED TELEKOM ALBANIA
35548660,ALBANIA FIXED TELEKOM ALBANIA
35548750,ALBANIA FIXED TELEKOM ALBANIA
35548855,ALBANIA FIXED TELEKOM ALBANIA
35548935,ALBANIA FIXED TELEKOM ALBANIA
35548936,ALBANIA FIXED TELEKOM ALBANIA
35549250,ALBANIA FIXED TELEKOM ALBANIA
35549440,ALBANIA FIXED TELEKOM ALBANIA
35549560,ALBANIA FIXED TELEKOM ALBANIA
35549730,ALBANIA FIXED TELEKOM ALBANIA
35549830,ALBANIA FIXED TELEKOM ALBANIA
35549930,ALBANIA FIXED TELEKOM ALBANIA
3555114,ALBANIA FIXED TELEKOM ALBANIA
35551240,ALBANIA FIXED TELEKOM ALBANIA
35551241,ALBANIA FIXED TELEKOM ALBANIA
35551360,ALBANIA FIXED TELEKOM ALBANIA
35551361,ALBANIA FIXED TELEKOM ALBANIA
35551460,ALBANIA FIXED TELEKOM ALBANIA
35551461,ALBANIA FIXED TELEKOM ALBANIA
3555263,ALBANIA FIXED TELEKOM ALBANIA
3555264,ALBANIA FIXED TELEKOM ALBANIA
3555370,ALBANIA FIXED TELEKOM ALBANIA
3555490,ALBANIA FIXED TELEKOM ALBANIA
3555491,ALBANIA FIXED TELEKOM ALBANIA
3555540,ALBANIA FIXED TELEKOM ALBANIA
35556150,ALBANIA FIXED TELEKOM ALBANIA
35556240,ALBANIA FIXED TELEKOM ALBANIA
35556293,ALBANIA FIXED TELEKOM ALBANIA
35556340,ALBANIA FIXED TELEKOM ALBANIA
35556445,ALBANIA FIXED TELEKOM ALBANIA
35556465,ALBANIA FIXED TELEKOM ALBANIA
35556550,ALBANIA FIXED TELEKOM ALBANIA
35556583,ALBANIA FIXED TELEKOM ALBANIA
35557043,ALBANIA FIXED TELEKOM ALBANIA
35557070,ALBANIA FIXED TELEKOM ALBANIA
35557094,ALBANIA FIXED TELEKOM ALBANIA
35557180,ALBANIA FIXED TELEKOM ALBANIA
35557260,ALBANIA FIXED TELEKOM ALBANIA
35557390,ALBANIA FIXED TELEKOM ALBANIA
35557463,ALBANIA FIXED TELEKOM ALBANIA
35557464,ALBANIA FIXED TELEKOM ALBANIA
35557494,ALBANIA FIXED TELEKOM ALBANIA
35557543,ALBANIA FIXED TELEKOM ALBANIA
35557544,ALBANIA FIXED TELEKOM ALBANIA
35557584,ALBANIA FIXED TELEKOM ALBANIA
35557643,ALBANIA FIXED TELEKOM ALBANIA
35557644,ALBANIA FIXED TELEKOM ALBANIA
35557683,ALBANIA FIXED TELEKOM ALBANIA
35557770,ALBANIA FIXED TELEKOM ALBANIA
35557771,ALBANIA FIXED TELEKOM ALBANIA
35557843,ALBANIA FIXED TELEKOM ALBANIA
35557865,ALBANIA FIXED TELEKOM ALBANIA
35557943,ALBANIA FIXED TELEKOM ALBANIA
35557963,ALBANIA FIXED TELEKOM ALBANIA
35557993,ALBANIA FIXED TELEKOM ALBANIA
35558023,ALBANIA FIXED TELEKOM ALBANIA
35558073,ALBANIA FIXED TELEKOM ALBANIA
35558150,ALBANIA FIXED TELEKOM ALBANIA
35558151,ALBANIA FIXED TELEKOM ALBANIA
35558250,ALBANIA FIXED TELEKOM ALBANIA
35558323,ALBANIA FIXED TELEKOM ALBANIA
35558373,ALBANIA FIXED TELEKOM ALBANIA
35558424,ALBANIA FIXED TELEKOM ALBANIA
35558460,ALBANIA FIXED TELEKOM ALBANIA
35558484,ALBANIA FIXED TELEKOM ALBANIA
35558494,ALBANIA FIXED TELEKOM ALBANIA
35558540,ALBANIA FIXED TELEKOM ALBANIA
35558564,ALBANIA FIXED TELEKOM ALBANIA
35558580,ALBANIA FIXED TELEKOM ALBANIA
35558594,ALBANIA FIXED TELEKOM ALBANIA
35558624,ALBANIA FIXED TELEKOM ALBANIA
35558670,ALBANIA FIXED TELEKOM ALBANIA
35558693,ALBANIA FIXED TELEKOM ALBANIA
35558724,ALBANIA FIXED TELEKOM ALBANIA
35558764,ALBANIA FIXED TELEKOM ALBANIA
35558790,ALBANIA FIXED TELEKOM ALBANIA
35558824,ALBANIA FIXED TELEKOM ALBANIA
35558842,ALBANIA FIXED TELEKOM ALBANIA
35558852,ALBANIA FIXED TELEKOM ALBANIA
35558882,ALBANIA FIXED TELEKOM ALBANIA
35558924,ALBANIA FIXED TELEKOM ALBANIA
35558953,ALBANIA FIXED TELEKOM ALBANIA
35558983,ALBANIA FIXED TELEKOM ALBANIA
35559150,ALBANIA FIXED TELEKOM ALBANIA
35559240,ALBANIA FIXED TELEKOM ALBANIA
35559324,ALBANIA FIXED TELEKOM ALBANIA
35559360,ALBANIA FIXED TELEKOM ALBANIA
35559394,ALBANIA FIXED TELEKOM ALBANIA
35559424,ALBANIA FIXED TELEKOM ALBANIA
35559462,ALBANIA FIXED TELEKOM ALBANIA
35559492,ALBANIA FIXED TELEKOM ALBANIA
35559540,ALBANIA FIXED TELEKOM ALBANIA
35559572,ALBANIA FIXED TELEKOM ALBANIA
35559622,ALBANIA FIXED TELEKOM ALBANIA
35559664,ALBANIA FIXED TELEKOM ALBANIA
35559674,ALBANIA FIXED TELEKOM ALBANIA
35559684,ALBANIA FIXED TELEKOM ALBANIA
35559694,ALBANIA FIXED TELEKOM ALBANIA
35559722,ALBANIA FIXED TELEKOM ALBANIA
35559754,ALBANIA FIXED TELEKOM ALBANIA
35559770,ALBANIA FIXED TELEKOM ALBANIA
35559794,ALBANIA FIXED TELEKOM ALBANIA
35581140,ALBANIA FIXED TELEKOM ALBANIA
35581141,ALBANIA FIXED TELEKOM ALBANIA
35581240,ALBANIA FIXED TELEKOM ALBANIA
35581241,ALBANIA FIXED TELEKOM ALBANIA
35581340,ALBANIA FIXED TELEKOM ALBANIA
35581341,ALBANIA FIXED TELEKOM ALBANIA
35581450,ALBANIA FIXED TELEKOM ALBANIA
35581451,ALBANIA FIXED TELEKOM ALBANIA
35581540,ALBANIA FIXED TELEKOM ALBANIA
3558290,ALBANIA FIXED TELEKOM ALBANIA
3558291,ALBANIA FIXED TELEKOM ALBANIA
3558340,ALBANIA FIXED TELEKOM ALBANIA
3558460,ALBANIA FIXED TELEKOM ALBANIA
3558550,ALBANIA FIXED TELEKOM ALBANIA
35586022,ALBANIA FIXED TELEKOM ALBANIA
35586070,ALBANIA FIXED TELEKOM ALBANIA
35586082,ALBANIA FIXED TELEKOM ALBANIA
35586150,ALBANIA FIXED TELEKOM ALBANIA
35586260,ALBANIA FIXED TELEKOM ALBANIA
35586344,ALBANIA FIXED TELEKOM ALBANIA
35586372,ALBANIA FIXED TELEKOM ALBANIA
35586424,ALBANIA FIXED TELEKOM ALBANIA
35586462,ALBANIA FIXED TELEKOM ALBANIA
35586472,ALBANIA FIXED TELEKOM ALBANIA
35586494,ALBANIA FIXED TELEKOM ALBANIA
35586524,ALBANIA FIXED TELEKOM ALBANIA
35586572,ALBANIA FIXED TELEKOM ALBANIA
35586582,ALBANIA FIXED TELEKOM ALBANIA
35586622,ALBANIA FIXED TELEKOM ALBANIA
35586672,ALBANIA FIXED TELEKOM ALBANIA
35586750,ALBANIA FIXED TELEKOM ALBANIA
35586796,ALBANIA FIXED TELEKOM ALBANIA
35586850,ALBANIA FIXED TELEKOM ALBANIA
35586892,ALBANIA FIXED TELEKOM ALBANIA
35586922,ALBANIA FIXED TELEKOM ALBANIA
35586972,ALBANIA FIXED TELEKOM ALBANIA
35587150,ALBANIA FIXED TELEKOM ALBANIA
35587151,ALBANIA FIXED TELEKOM ALBANIA
35587174,ALBANIA FIXED TELEKOM ALBANIA
35587184,ALBANIA FIXED TELEKOM ALBANIA
35587194,ALBANIA FIXED TELEKOM ALBANIA
35587224,ALBANIA FIXED TELEKOM ALBANIA
35587270,ALBANIA FIXED TELEKOM ALBANIA
35587294,ALBANIA FIXED TELEKOM ALBANIA
35587322,ALBANIA FIXED TELEKOM ALBANIA
35587392,ALBANIA FIXED TELEKOM ALBANIA
35587442,ALBANIA FIXED TELEKOM ALBANIA
35587482,ALBANIA FIXED TELEKOM ALBANIA
35587540,ALBANIA FIXED TELEKOM ALBANIA
35587622,ALBANIA FIXED TELEKOM ALBANIA
35587652,ALBANIA FIXED TELEKOM ALBANIA
35587672,ALBANIA FIXED TELEKOM ALBANIA
35587692,ALBANIA FIXED TELEKOM ALBANIA
35587722,ALBANIA FIXED TELEKOM ALBANIA
35587760,ALBANIA FIXED TELEKOM ALBANIA
35587790,ALBANIA FIXED TELEKOM ALBANIA
35588140,ALBANIA FIXED TELEKOM ALBANIA
35588194,ALBANIA FIXED TELEKOM ALBANIA
35588222,ALBANIA FIXED TELEKOM ALBANIA
35588262,ALBANIA FIXED TELEKOM ALBANIA
35588274,ALBANIA FIXED TELEKOM ALBANIA
35588294,ALBANIA FIXED TELEKOM ALBANIA
35588324,ALBANIA FIXED TELEKOM ALBANIA
35588364,ALBANIA FIXED TELEKOM ALBANIA
35588372,ALBANIA FIXED TELEKOM ALBANIA
35588392,ALBANIA FIXED TELEKOM ALBANIA
35588440,ALBANIA FIXED TELEKOM ALBANIA
35588480,ALBANIA FIXED TELEKOM ALBANIA
35588540,ALBANIA FIXED TELEKOM ALBANIA
35588590,ALBANIA FIXED TELEKOM ALBANIA
35588640,ALBANIA FIXED TELEKOM ALBANIA
35588682,ALBANIA FIXED TELEKOM ALBANIA
35588692,ALBANIA FIXED TELEKOM ALBANIA
35588722,ALBANIA FIXED TELEKOM ALBANIA
35588750,ALBANIA FIXED TELEKOM ALBANIA
35588770,ALBANIA FIXED TELEKOM ALBANIA
35588790,ALBANIA FIXED TELEKOM ALBANIA
35589140,ALBANIA FIXED TELEKOM ALBANIA
35589164,ALBANIA FIXED TELEKOM ALBANIA
35589192,ALBANIA FIXED TELEKOM ALBANIA
35589224,ALBANIA FIXED TELEKOM ALBANIA
35589280,ALBANIA FIXED TELEKOM ALBANIA
35589324,ALBANIA FIXED TELEKOM ALBANIA
35589422,ALBANIA FIXED TELEKOM ALBANIA
35589480,ALBANIA FIXED TELEKOM ALBANIA
35589524,ALBANIA FIXED TELEKOM ALBANIA
35589562,ALBANIA FIXED TELEKOM ALBANIA
35589590,ALBANIA FIXED TELEKOM ALBANIA
35566,ALBANIA CELLULAR
35568,ALBANIA CELLULAR AMC
35567,ALBANIA CELLULAR EAGLE
35569,ALBANIA CELLULAR VODAFONE
35521150,ALBANIA OLO
35521153,ALBANIA OLO
35521260,ALBANIA OLO
35521262,ALBANIA OLO
35521360,ALBANIA OLO
35521362,ALBANIA OLO
35521460,ALBANIA OLO
35521540,ALBANIA OLO
35521541,ALBANIA OLO
35521542,ALBANIA OLO
35521543,ALBANIA OLO
35521544,ALBANIA OLO
35521545,ALBANIA OLO
35521570,ALBANIA OLO
35521593,ALBANIA OLO
35521660,ALBANIA OLO
35521662,ALBANIA OLO
35521760,ALBANIA OLO
35521762,ALBANIA OLO
35521840,ALBANIA OLO
35521842,ALBANIA OLO
35521844,ALBANIA OLO
35521960,ALBANIA OLO
35521962,ALBANIA OLO
35521964,ALBANIA OLO
35522400,ALBANIA OLO
35522600,ALBANIA OLO
35522601,ALBANIA OLO
35522602,ALBANIA OLO
35522620,ALBANIA OLO
35522700,ALBANIA OLO
35522701,ALBANIA OLO
3552272,ALBANIA OLO
3552280,ALBANIA OLO
35522900,ALBANIA OLO
35524600,ALBANIA OLO
35524620,ALBANIA OLO
35526140,ALBANIA OLO
35526142,ALBANIA OLO
35526150,ALBANIA OLO
35526220,ALBANIA OLO
35526221,ALBANIA OLO
35526290,ALBANIA OLO
35526420,ALBANIA OLO
35526460,ALBANIA OLO
35526560,ALBANIA OLO
35526620,ALBANIA OLO
35526621,ALBANIA OLO
35526622,ALBANIA OLO
35526670,ALBANIA OLO
35526680,ALBANIA OLO
35526720,ALBANIA OLO
35526780,ALBANIA OLO
35526860,ALBANIA OLO
35526870,ALBANIA OLO
35526920,ALBANIA OLO
35527160,ALBANIA OLO
35528140,ALBANIA OLO
35528141,ALBANIA OLO
35528170,ALBANIA OLO
35528171,ALBANIA OLO
35528470,ALBANIA OLO
35528472,ALBANIA OLO
35528740,ALBANIA OLO
35528742,ALBANIA OLO
35529220,ALBANIA OLO
35529221,ALBANIA OLO
35531170,ALBANIA OLO
35531172,ALBANIA OLO
35531174,ALBANIA OLO
35531260,ALBANIA OLO
35531360,ALBANIA OLO
35532410,ALBANIA OLO
35532411,ALBANIA OLO
35532412,ALBANIA OLO
35532500,ALBANIA OLO
35532501,ALBANIA OLO
35532502,ALBANIA OLO
35532503,ALBANIA OLO
35532504,ALBANIA OLO
35532505,ALBANIA OLO
35532600,ALBANIA OLO
35532601,ALBANIA OLO
35532610,ALBANIA OLO
355334,ALBANIA OLO
3553360,ALBANIA OLO
355337,ALBANIA OLO
35533800,ALBANIA OLO
35534410,ALBANIA OLO
35534430,ALBANIA OLO
3553450,ALBANIA OLO
35534510,ALBANIA OLO
35534520,ALBANIA OLO
35534521,ALBANIA OLO
35534600,ALBANIA OLO
35534601,ALBANIA OLO
35534602,ALBANIA OLO
35534603,ALBANIA OLO
35534604,ALBANIA OLO
35534605,ALBANIA OLO
35534700,ALBANIA OLO
35534701,ALBANIA OLO
35534702,ALBANIA OLO
35534703,ALBANIA OLO
35534704,ALBANIA OLO
35534705,ALBANIA OLO
35535410,ALBANIA OLO
35535460,ALBANIA OLO
35535700,ALBANIA OLO
35535701,ALBANIA OLO
35535702,ALBANIA OLO
35535703,ALBANIA OLO
35535704,ALBANIA OLO
35535705,ALBANIA OLO
35536140,ALBANIA OLO
35536141,ALBANIA OLO
35536170,ALBANIA OLO
35536220,ALBANIA OLO
35536221,ALBANIA OLO
35536320,ALBANIA OLO
35536321,ALBANIA OLO
35536323,ALBANIA OLO
35536373,ALBANIA OLO
35536649,ALBANIA OLO
35536660,ALBANIA OLO
35536662,ALBANIA OLO
35536749,ALBANIA OLO
35536789,ALBANIA OLO
35536860,ALBANIA OLO
35536862,ALBANIA OLO
35537160,ALBANIA OLO
35537229,ALBANIA OLO
35537250,ALBANIA OLO
35537270,ALBANIA OLO
35537330,ALBANIA OLO
35537362,ALBANIA OLO
35537363,ALBANIA OLO
35537380,ALBANIA OLO
35537420,ALBANIA OLO
35537473,ALBANIA OLO
35537529,ALBANIA OLO
35537629,ALBANIA OLO
35537662,ALBANIA OLO
35538140,ALBANIA OLO
35538141,ALBANIA OLO
35538170,ALBANIA OLO
35538260,ALBANIA OLO
35538320,ALBANIA OLO
35538321,ALBANIA OLO
35538324,ALBANIA OLO
35538330,ALBANIA OLO
35538420,ALBANIA OLO
35538440,ALBANIA OLO
35538520,ALBANIA OLO
35538540,ALBANIA OLO
35538570,ALBANIA OLO
35538580,ALBANIA OLO
35538780,ALBANIA OLO
35538820,ALBANIA OLO
35538821,ALBANIA OLO
35538840,ALBANIA OLO
35538920,ALBANIA OLO
35539140,ALBANIA OLO
35539141,ALBANIA OLO
35539260,ALBANIA OLO
35539340,ALBANIA OLO
35539342,ALBANIA OLO
35539350,ALBANIA OLO
35539351,ALBANIA OLO
35539420,ALBANIA OLO
35539421,ALBANIA OLO
35539440,ALBANIA OLO
3553953,ALBANIA OLO
35539540,ALBANIA OLO
35539550,ALBANIA OLO
35539551,ALBANIA OLO
3553962,ALBANIA OLO
3553967,ALBANIA OLO
355431,ALBANIA OLO
355432,ALBANIA OLO
3554410,ALBANIA OLO
3554420,ALBANIA OLO
3554430,ALBANIA OLO
3554431,ALBANIA OLO
3554432,ALBANIA OLO
3554440,ALBANIA OLO
3554441,ALBANIA OLO
3554442,ALBANIA OLO
3554450,ALBANIA OLO
3554451,ALBANIA OLO
3554452,ALBANIA OLO
3554453,ALBANIA OLO
3554454,ALBANIA OLO
3554480,ALBANIA OLO
3554481,ALBANIA OLO
3554482,ALBANIA OLO
35544850,ALBANIA OLO
3554520,ALBANIA OLO
35545300,ALBANIA OLO
35545301,ALBANIA OLO
35545302,ALBANIA OLO
35545303,ALBANIA OLO
35545350,ALBANIA OLO
35545351,ALBANIA OLO
35545352,ALBANIA OLO
35545353,ALBANIA OLO
35545354,ALBANIA OLO
35545400,ALBANIA OLO
35545550,ALBANIA OLO
3554560,ALBANIA OLO
35545650,ALBANIA OLO
35545651,ALBANIA OLO
35545800,ALBANIA OLO
35547220,ALBANIA OLO
35547221,ALBANIA OLO
35547222,ALBANIA OLO
35547223,ALBANIA OLO
35547224,ALBANIA OLO
35547235,ALBANIA OLO
35547270,ALBANIA OLO
35547420,ALBANIA OLO
35547440,ALBANIA OLO
35547460,ALBANIA OLO
35547480,ALBANIA OLO
35547481,ALBANIA OLO
35547495,ALBANIA OLO
35547520,ALBANIA OLO
35547521,ALBANIA OLO
35547590,ALBANIA OLO
35547630,ALBANIA OLO
35547640,ALBANIA OLO
35547641,ALBANIA OLO
35547642,ALBANIA OLO
35547643,ALBANIA OLO
35547644,ALBANIA OLO
35547670,ALBANIA OLO
35547680,ALBANIA OLO
35547800,ALBANIA OLO
35547805,ALBANIA OLO
35547840,ALBANIA OLO
35547841,ALBANIA OLO
35547990,ALBANIA OLO
35548200,ALBANIA OLO
35548201,ALBANIA OLO
35548202,ALBANIA OLO
35548210,ALBANIA OLO
35548230,ALBANIA OLO
35548240,ALBANIA OLO
35548241,ALBANIA OLO
35548242,ALBANIA OLO
35548243,ALBANIA OLO
35548244,ALBANIA OLO
35548300,ALBANIA OLO
35548301,ALBANIA OLO
35548302,ALBANIA OLO
35548303,ALBANIA OLO
35548310,ALBANIA OLO
35548500,ALBANIA OLO
35548505,ALBANIA OLO
35548520,ALBANIA OLO
35548550,ALBANIA OLO
35548551,ALBANIA OLO
35548600,ALBANIA OLO
35548605,ALBANIA OLO
35548620,ALBANIA OLO
35548705,ALBANIA OLO
35548730,ALBANIA OLO
35548731,ALBANIA OLO
35548810,ALBANIA OLO
35548821,ALBANIA OLO
35548830,ALBANIA OLO
35548865,ALBANIA OLO
35548880,ALBANIA OLO
35548910,ALBANIA OLO
35548915,ALBANIA OLO
35548920,ALBANIA OLO
35548970,ALBANIA OLO
35548971,ALBANIA OLO
35549205,ALBANIA OLO
35549220,ALBANIA OLO
35549230,ALBANIA OLO
35549231,ALBANIA OLO
35549420,ALBANIA OLO
35549421,ALBANIA OLO
35549450,ALBANIA OLO
35549500,ALBANIA OLO
35549510,ALBANIA OLO
35549540,ALBANIA OLO
35549541,ALBANIA OLO
35549750,ALBANIA OLO
35549850,ALBANIA OLO
35549950,ALBANIA OLO
35551170,ALBANIA OLO
35551180,ALBANIA OLO
35551181,ALBANIA OLO
35551252,ALBANIA OLO
35551254,ALBANIA OLO
35551256,ALBANIA OLO
35551341,ALBANIA OLO
35551352,ALBANIA OLO
35551354,ALBANIA OLO
35551441,ALBANIA OLO
35551480,ALBANIA OLO
3555242,ALBANIA OLO
35552430,ALBANIA OLO
3555250,ALBANIA OLO
35552800,ALBANIA OLO
35552801,ALBANIA OLO
3555290,ALBANIA OLO
35553500,ALBANIA OLO
35553600,ALBANIA OLO
35553601,ALBANIA OLO
35553602,ALBANIA OLO
35553603,ALBANIA OLO
35553604,ALBANIA OLO
35554400,ALBANIA OLO
3555441,ALBANIA OLO
3555451,ALBANIA OLO
35554810,ALBANIA OLO
35555500,ALBANIA OLO
35555501,ALBANIA OLO
35555502,ALBANIA OLO
35555503,ALBANIA OLO
35555504,ALBANIA OLO
35555800,ALBANIA OLO
35555900,ALBANIA OLO
35555901,ALBANIA OLO
35555902,ALBANIA OLO
35555903,ALBANIA OLO
35555904,ALBANIA OLO
35556170,ALBANIA OLO
35556242,ALBANIA OLO
35556282,ALBANIA OLO
35556330,ALBANIA OLO
35556331,ALBANIA OLO
35556360,ALBANIA OLO
35556362,ALBANIA OLO
35557020,ALBANIA OLO
35557160,ALBANIA OLO
35557161,ALBANIA OLO
35557242,ALBANIA OLO
35557250,ALBANIA OLO
35557251,ALBANIA OLO
35557340,ALBANIA OLO
35557342,ALBANIA OLO
35557370,ALBANIA OLO
35557371,ALBANIA OLO
35557422,ALBANIA OLO
35557423,ALBANIA OLO
35557424,ALBANIA OLO
35557480,ALBANIA OLO
35557520,ALBANIA OLO
35557580,ALBANIA OLO
35557620,ALBANIA OLO
35557621,ALBANIA OLO
35557746,ALBANIA OLO
35557752,ALBANIA OLO
35557824,ALBANIA OLO
35557850,ALBANIA OLO
35557854,ALBANIA OLO
35557862,ALBANIA OLO
35557863,ALBANIA OLO
35557880,ALBANIA OLO
35557920,ALBANIA OLO
35557930,ALBANIA OLO
35557950,ALBANIA OLO
35558029,ALBANIA OLO
35558070,ALBANIA OLO
35558079,ALBANIA OLO
35558142,ALBANIA OLO
35558144,ALBANIA OLO
35558242,ALBANIA OLO
35558244,ALBANIA OLO
35558320,ALBANIA OLO
35558322,ALBANIA OLO
35558326,ALBANIA OLO
35558342,ALBANIA OLO
35558372,ALBANIA OLO
35558380,ALBANIA OLO
35558390,ALBANIA OLO
35558429,ALBANIA OLO
35558430,ALBANIA OLO
35558454,ALBANIA OLO
35558489,ALBANIA OLO
35558499,ALBANIA OLO
35558523,ALBANIA OLO
35558524,ALBANIA OLO
35558526,ALBANIA OLO
35558569,ALBANIA OLO
35558574,ALBANIA OLO
35558599,ALBANIA OLO
35558629,ALBANIA OLO
35558630,ALBANIA OLO
35558652,ALBANIA OLO
35558682,ALBANIA OLO
35558720,ALBANIA OLO
35558721,ALBANIA OLO
35558730,ALBANIA OLO
35558744,ALBANIA OLO
35558769,ALBANIA OLO
35558782,ALBANIA OLO
35558829,ALBANIA OLO
35558849,ALBANIA OLO
35558859,ALBANIA OLO
35558889,ALBANIA OLO
35558921,ALBANIA OLO
35558942,ALBANIA OLO
35558943,ALBANIA OLO
35558981,ALBANIA OLO
35559142,ALBANIA OLO
35559144,ALBANIA OLO
35559629,ALBANIA OLO
35559669,ALBANIA OLO
35559679,ALBANIA OLO
35559689,ALBANIA OLO
35559699,ALBANIA OLO
35559729,ALBANIA OLO
35559759,ALBANIA OLO
35559769,ALBANIA OLO
35559799,ALBANIA OLO
35581152,ALBANIA OLO
35581154,ALBANIA OLO
35581270,ALBANIA OLO
35581370,ALBANIA OLO
35581372,ALBANIA OLO
35581441,ALBANIA OLO
35581470,ALBANIA OLO
35581472,ALBANIA OLO
35581550,ALBANIA OLO
35581570,ALBANIA OLO
35581572,ALBANIA OLO
35582400,ALBANIA OLO
3558250,ALBANIA OLO
35582520,ALBANIA OLO
35582800,ALBANIA OLO
35582801,ALBANIA OLO
35582802,ALBANIA OLO
35582803,ALBANIA OLO
35582804,ALBANIA OLO
35582805,ALBANIA OLO
35582806,ALBANIA OLO
35583520,ALBANIA OLO
35583600,ALBANIA OLO
35583601,ALBANIA OLO
35583602,ALBANIA OLO
35583603,ALBANIA OLO
35583604,ALBANIA OLO
35583605,ALBANIA OLO
35583620,ALBANIA OLO
35583621,ALBANIA OLO
35584410,ALBANIA OLO
35584800,ALBANIA OLO
35584820,ALBANIA OLO
35585410,ALBANIA OLO
35585800,ALBANIA OLO
35585820,ALBANIA OLO
35586142,ALBANIA OLO
35586144,ALBANIA OLO
35586220,ALBANIA OLO
35586230,ALBANIA OLO
35586320,ALBANIA OLO
35586321,ALBANIA OLO
35586330,ALBANIA OLO
35586340,ALBANIA OLO
35586380,ALBANIA OLO
35586420,ALBANIA OLO
35586450,ALBANIA OLO
35586529,ALBANIA OLO
35586550,ALBANIA OLO
35586552,ALBANIA OLO
35586560,ALBANIA OLO
35586589,ALBANIA OLO
35586620,ALBANIA OLO
35586630,ALBANIA OLO
35586642,ALBANIA OLO
35586670,ALBANIA OLO
35586682,ALBANIA OLO
35586730,ALBANIA OLO
35586793,ALBANIA OLO
35586820,ALBANIA OLO
35586880,ALBANIA OLO
35586930,ALBANIA OLO
35587142,ALBANIA OLO
35587320,ALBANIA OLO
35587344,ALBANIA OLO
35587380,ALBANIA OLO
35587384,ALBANIA OLO
35587420,ALBANIA OLO
35587423,ALBANIA OLO
35587424,ALBANIA OLO
35587462,ALBANIA OLO
35587470,ALBANIA OLO
35587480,ALBANIA OLO
35587560,ALBANIA OLO
35587562,ALBANIA OLO
35588160,ALBANIA OLO
35588162,ALBANIA OLO
35588190,ALBANIA OLO
35588199,ALBANIA OLO
35588220,ALBANIA OLO
35588229,ALBANIA OLO
35588269,ALBANIA OLO
35588270,ALBANIA OLO
35588279,ALBANIA OLO
35588293,ALBANIA OLO
35588299,ALBANIA OLO
35588323,ALBANIA OLO
35588329,ALBANIA OLO
35588360,ALBANIA OLO
35588369,ALBANIA OLO
35588379,ALBANIA OLO
35588399,ALBANIA OLO
35588423,ALBANIA OLO
35588430,ALBANIA OLO
35588431,ALBANIA OLO
35588432,ALBANIA OLO
35588473,ALBANIA OLO
35588490,ALBANIA OLO
35588560,ALBANIA OLO
35588562,ALBANIA OLO
35589144,ALBANIA OLO
35589146,ALBANIA OLO
35589160,ALBANIA OLO
35589170,ALBANIA OLO
35589180,ALBANIA OLO
35589190,ALBANIA OLO
35589220,ALBANIA OLO
35589230,ALBANIA OLO
35589231,ALBANIA OLO
35589340,ALBANIA OLO
35589342,ALBANIA OLO
35589420,ALBANIA OLO
35589430,ALBANIA OLO
35589520,ALBANIA OLO
35589530,ALBANIA OLO
35589550,ALBANIA OLO
35589560,ALBANIA OLO
35534606,ALBANIA SPECIAL SERVICES
35534607,ALBANIA SPECIAL SERVICES
35534608,ALBANIA SPECIAL SERVICES
35534609,ALBANIA SPECIAL SERVICES
35535504,ALBANIA SPECIAL SERVICES
35535505,ALBANIA SPECIAL SERVICES
35542490,ALBANIA SPECIAL SERVICES
35542491,ALBANIA SPECIAL SERVICES
35542492,ALBANIA SPECIAL SERVICES
355424939,ALBANIA SPECIAL SERVICES
35542517,ALBANIA SPECIAL SERVICES
3554402,ALBANIA SPECIAL SERVICES
355450,ALBANIA SPECIAL SERVICES
355450000,ALBANIA SPECIAL SERVICES
355450100,ALBANIA SPECIAL SERVICES
355450190,ALBANIA SPECIAL SERVICES
355450200,ALBANIA SPECIAL SERVICES
355450331,ALBANIA SPECIAL SERVICES
355450333,ALBANIA SPECIAL SERVICES
35545750,ALBANIA SPECIAL SERVICES
35545751,ALBANIA SPECIAL SERVICES
355466,ALBANIA SPECIAL SERVICES
35547285,ALBANIA SPECIAL SERVICES
35552450,ALBANIA SPECIAL SERVICES
35552670,ALBANIA SPECIAL SERVICES
355652556,ALBANIA SPECIAL SERVICES
355422,ALBANIA TIRANA
355423,ALBANIA TIRANA
3554240,ALBANIA TIRANA
3554241,ALBANIA TIRANA
3554242,ALBANIA TIRANA
3554243,ALBANIA TIRANA
3554244,ALBANIA TIRANA
3554245,ALBANIA TIRANA
3554246,ALBANIA TIRANA
3554247,ALBANIA TIRANA
3554248,ALBANIA TIRANA
213,ALGERIA
21321,ALGERIA ALGIERS
21322,ALGERIA ALGIERS
2136,ALGERIA CELLULAR
2136,ALGERIA CELLULAR MOBILIS
2135,ALGERIA CELLULAR WATANIYA
2137,ALGERIA CELLULAR ORASCOM
2139619,ALGERIA SATELLITE CELLULAR
1684,AMERICAN SAMOA
376,ANDORRA
3763,ANDORRA CELLULAR
3764,ANDORRA CELLULAR
3765,ANDORRA CELLULAR
3766,ANDORRA CELLULAR
244,ANGOLA
2449,ANGOLA CELLULAR
24491,ANGOLA CELLULAR MOVICEL
24499,ANGOLA CELLULAR MOVICEL
24492,ANGOLA CELLULAR UNITELL
24493,ANGOLA CELLULAR UNITELL
24494,ANGOLA CELLULAR UNITELL
24422279,ANGOLA SPECIAL SERVICES
24422280,ANGOLA SPECIAL SERVICES
24422281,ANGOLA SPECIAL SERVICES
1264,ANGUILLA
1264581,ANGUILLA CELLULAR DIGICEL
1264582,ANGUILLA CELLULAR DIGICEL
1264583,ANGUILLA CELLULAR DIGICEL
1264584,ANGUILLA CELLULAR DIGICEL
1264235,ANGUILLA CELLULAR C&W
1264469,ANGUILLA CELLULAR C&W
1264476,ANGUILLA CELLULAR C&W
1264729,ANGUILLA CELLULAR C&W
1264772,ANGUILLA CELLULAR C&W
1264536,ANGUILLA CELLULAR OTHER
1264537,ANGUILLA CELLULAR OTHER
1264538,ANGUILLA CELLULAR OTHER
1264543,ANGUILLA CELLULAR OTHER
1264539,ANGUILLA PREMIUM SERVICES
1264540,ANGUILLA PREMIUM SERVICES
672,ANTARCTICA
67212,A.E.T. ANTARCTICA CASEY BASE
67210,A.E.T. ANTARCTICA DAVIS BASE
67213,A.E.T. ANTARCTICA MACQUARIE BASE
67211,A.E.T. ANTARCTICA MAWSON BASE
6723,A.E.T. NORFOLK ISLANDS
1268,ANTIGUA & BARBUDA
1268464,ANTIGUA & BARBUDA CELLULAR C&W
1268762,ANTIGUA & BARBUDA CELLULAR C&W
1268764,ANTIGUA & BARBUDA CELLULAR C&W
126872,ANTIGUA & BARBUDA CELLULAR
126877,ANTIGUA & BARBUDA CELLULAR
126878,ANTIGUA & BARBUDA CELLULAR
1268713,ANTIGUA & BARBUDA CELLULAR DIGICEL
1268714,ANTIGUA & BARBUDA CELLULAR DIGICEL
1268715,ANTIGUA & BARBUDA CELLULAR DIGICEL
1268716,ANTIGUA & BARBUDA CELLULAR DIGICEL
1268717,ANTIGUA & BARBUDA CELLULAR DIGICEL
1268718,ANTIGUA & BARBUDA CELLULAR DIGICEL
1268719,ANTIGUA & BARBUDA CELLULAR DIGICEL
1268720,ANTIGUA & BARBUDA CELLULAR DIGICEL
1268721,ANTIGUA & BARBUDA CELLULAR DIGICEL
1268722,ANTIGUA & BARBUDA CELLULAR DIGICEL
1268724,ANTIGUA & BARBUDA CELLULAR DIGICEL
1268725,ANTIGUA & BARBUDA CELLULAR DIGICEL
1268726,ANTIGUA & BARBUDA CELLULAR DIGICEL
1268732,ANTIGUA & BARBUDA CELLULAR DIGICEL
1268734,ANTIGUA & BARBUDA CELLULAR DIGICEL
1268736,ANTIGUA & BARBUDA CELLULAR DIGICEL
1268783,ANTIGUA & BARBUDA CELLULAR DIGICEL
1268785,ANTIGUA & BARBUDA CELLULAR DIGICEL
1268788,ANTIGUA & BARBUDA CELLULAR DIGICEL
54,ARGENTINA