ABKHAZIA,ABKHAZIA,false,false,true
ABKHAZIA MOBILE,ABKHAZIA,false,false,true
ABKHAZIA MOBILE AQUAFON,ABKHAZIA,false,false,true
A.E.T. ANTARCTICA CASEY BASE,A.E.T.,false,false,true
A.E.T. ANTARCTICA DAVIS BASE,A.E.T.,false,false,true
A.E.T. ANTARCTICA MACQUARIE BASE,A.E.T.,false,false,true
A.E.T. ANTARCTICA MAWSON BASE,A.E.T.,false,false,true
A.E.T. NORFOLK ISLANDS,A.E.T.,false,false,true
AFGHANISTAN,AFGHANISTAN,false,false,true
AFGHANISTAN MOBILE AREEBA MTN,AFGHANISTAN,false,false,true
AFGHANISTAN MOBILE AT,AFGHANISTAN,false,false,true
AFGHANISTAN MOBILE AWCC,AFGHANISTAN,false,false,true
AFGHANISTAN MOBILE ETISALAT,AFGHANISTAN,false,false,true
AFGHANISTAN MOBILE ROSHAN,AFGHANISTAN,false,false,true
AFGHANISTAN MOBILE SALAAM TELECOM 3G,AFGHANISTAN,false,false,true
ALBANIA,ALBANIA,false,false,true
ALBANIA MOBILE AMC,ALBANIA,false,false,true
ALBANIA MOBILE EAGLE,ALBANIA,false,false,true
ALBANIA MOBILE VODAFONE,ALBANIA,false,false,true
ALBANIA TIRANA,ALBANIA,false,false,true
ALGERIA,ALGERIA,false,false,true
ALGERIA ALGIERS,ALGERIA,false,false,true
ALGERIA MOBILE MOBILIS,ALGERIA,false,false,true
ALGERIA MOBILE ORASCOM,ALGERIA,false,false,true
ALGERIA MOBILE WATANIYA,ALGERIA,false,false,true
AMERICAN SAMOA,AMERICAN SAMOA,false,false,true
ANDORRA,ANDORRA,false,false,true
ANDORRA MOBILE,ANDORRA,false,false,true
ANGOLA,ANGOLA,false,false,true
ANGOLA MOBILE,ANGOLA,false,false,true
ANGOLA MOBILE MOVICEL,ANGOLA,false,false,true
ANGOLA MOBILE UNITEL,ANGOLA,false,false,true
ANGUILLA,ANGUILLA,false,false,true
ANGUILLA MOBILE,ANGUILLA,false,false,true
ANGUILLA MOBILE C&W,ANGUILLA,false,false,true
ANGUILLA MOBILE DIGICEL,ANGUILLA,false,false,true
ANTIGUA,ANTIGUA,false,false,true
ANTIGUA MOBILE,ANTIGUA,false,false,true
ANTIGUA MOBILE C&W,ANTIGUA,false,false,true
ANTIGUA MOBILE DIGICEL,ANTIGUA,false,false,true
ARGENTINA,ARGENTINA,false,false,true
ARGENTINA BUENOS AIRES,ARGENTINA,false,false,true
ARGENTINA CITIES,ARGENTINA,false,false,true
ARGENTINA CORDOBA,ARGENTINA,false,false,true
ARGENTINA MENDOZA,ARGENTINA,false,false,true
ARGENTINA MOBILE,ARGENTINA,false,false,true
ARGENTINA ROSARIO,ARGENTINA,false,false,true
ARGENTINA TUCUMAN,ARGENTINA,false,false,true
ARMENIA,ARMENIA,false,false,true
ARMENIA KARABAKH,ARMENIA,false,false,true
ARMENIA MOBILE,ARMENIA,false,false,true
ARMENIA MOBILE ARMENTEL,ARMENIA,false,false,true
ARMENIA MOBILE ORANGE,ARMENIA,false,false,true
ARMENIA MOBILE VIVACELL,ARMENIA,false,false,true
ARUBA,ARUBA,false,false,true
ARUBA MOBILE,ARUBA,false,false,true
ARUBA MOBILE DIGICEL,ARUBA,false,false,true
ASCENSION ISLANDS,ASCENSION ISLAND,false,false,true
AUSTRALIA,AUSTRALIA,false,false,true
AUSTRALIA MELBOURNE,AUSTRALIA,false,false,true
AUSTRALIA MOBILE,AUSTRALIA,false,false,true
AUSTRALIA MOBILE OPTUS,AUSTRALIA,false,false,true
AUSTRALIA MOBILE SATELLITE,AUSTRALIA,false,false,true
AUSTRALIA MOBILE TELSTRA,AUSTRALIA,false,false,true
AUSTRALIA MOBILE VODAFONE,AUSTRALIA,false,false,true
AUSTRALIA PREMIUM,AUSTRALIA,false,false,true
AUSTRALIA SYDNEY,AUSTRALIA,false,false,true
AUSTRIA,AUSTRIA,false,false,true
AUSTRIA MOBILE,AUSTRIA,false,false,true
AUSTRIA MOBILE A1,AUSTRIA,false,false,true
AUSTRIA MOBILE H3G,AUSTRIA,false,false,true
AUSTRIA MOBILE TMOBILE,AUSTRIA,false,false,true
AUSTRIA SPECIAL SERVICES,AUSTRIA,false,false,true
AUSTRIA VIENNA,AUSTRIA,false,false,true
AZERBAIJAN,AZERBAIJAN,false,false,true
AZERBAIJAN BAKU,AZERBAIJAN,false,false,true
AZERBAIJAN MOBILE,AZERBAIJAN,false,false,true
AZERBAIJAN MOBILE AZERCELL,AZERBAIJAN,false,false,true
AZERBAIJAN MOBILE AZERFON,AZERBAIJAN,false,false,true
AZERBAIJAN MOBILE BAKCELL,AZERBAIJAN,false,false,true
AZERBAIJAN MOBILE CATEL,AZERBAIJAN,false,false,true
AZERBAIJAN MOBILE CDMA,AZERBAIJAN,false,false,true
AZERBAIJAN MOBILE NAR,AZERBAIJAN,false,false,true
BAHAMAS,BAHAMAS,false,false,true
BAHAMAS MOBILE,BAHAMAS,false,false,true
BAHRAIN,BAHRAIN,false,false,true
BAHRAIN BATELCO,BAHRAIN,false,false,true
BAHRAIN BROADBAND,BAHRAIN,false,false,true
BAHRAIN MENA,BAHRAIN,false,false,true
BAHRAIN MOBILE,BAHRAIN,false,false,true
BAHRAIN MOBILE BATELCO,BAHRAIN,false,false,true
BAHRAIN MOBILE STC,BAHRAIN,false,false,true
BAHRAIN MOBILE ZAIN,BAHRAIN,false,false,true
BAHRAIN ZAIN,BAHRAIN,false,false,true
BANGLADESH,BANGLADESH,false,false,true
BANGLADESH MOBILE,BANGLADESH,false,false,true
BANGLADESH MOBILE AKTEL,BANGLADESH,false,false,true
BANGLADESH MOBILE BANGLALINK,BANGLADESH,false,false,true
BANGLADESH MOBILE GRAMEEN,BANGLADESH,false,false,true
BANGLADESH MOBILE TELETALK,BANGLADESH,false,false,true
BARBADOS,BARBADOS,false,false,true
BARBADOS MOBILE C&W,BARBADOS,false,false,true
BARBADOS MOBILE DIGICEL,BARBADOS,false,false,true
BARBADOS WIRELESS BROADBAND DIGICEL,BARBADOS,false,false,true
BELARUS,BELARUS,false,false,true
BELARUS MINSK,BELARUS,false,false,true
BELARUS MOBILE,BELARUS,false,false,true
BELARUS MOBILE BELCEL,BELARUS,false,false,true
BELARUS MOBILE BEST,BELARUS,false,false,true
BELARUS MOBILE MTS,BELARUS,false,false,true
BELARUS MOBILE VELCOM,BELARUS,false,false,true
BELGIUM,BELGIUM,false,false,true
BELGIUM MOBILE BASE,BELGIUM,false,false,true
BELGIUM MOBILE LYCATEL,BELGIUM,false,false,true
BELGIUM MOBILE ORANGE,BELGIUM,false,false,true
BELGIUM MOBILE OTHER,BELGIUM,false,false,true
BELGIUM MOBILE PROXIMUS,BELGIUM,false,false,true
BELGIUM ROAMING BASE,BELGIUM,false,false,true
BELGIUM ROAMING ORANGE,BELGIUM,false,false,true
BELGIUM ROAMING PROXIMUS,BELGIUM,false,false,true
BELGIUM UNIVERSAL ACCESS NUMBER,BELGIUM,false,false,true
BELIZE,BELIZE,false,false,true
BELIZE MOBILE,BELIZE,false,false,true
BENIN,BENIN,false,false,true
BENIN MOBILE MOOV,BENIN,false,false,true
BENIN MOBILE MTN,BENIN,false,false,true
BERMUDA,BERMUDA,false,false,true
BERMUDA MOBILE,BERMUDA,false,false,true
BERMUDA MOBILE DIGICEL,BERMUDA,false,false,true
BHUTAN,BHUTAN,false,false,true
BHUTAN MOBILE,BHUTAN,false,false,true
BOLIVIA,BOLIVIA,false,false,true
BOLIVIA COCHABAMBA,BOLIVIA,false,false,true
BOLIVIA LA PAZ,BOLIVIA,false,false,true
BOLIVIA MOBILE ENTEL,BOLIVIA,false,false,true
BOLIVIA MOBILE NUEVATEL,BOLIVIA,false,false,true
BOLIVIA MOBILE TELECEL,BOLIVIA,false,false,true
BOLIVIA ORURO,BOLIVIA,false,false,true
BOLIVIA POTOSI,BOLIVIA,false,false,true
BOLIVIA RURAL,BOLIVIA,false,false,true
BOLIVIA SANTA CRUZ,BOLIVIA,false,false,true
BOLIVIA SUCRE,BOLIVIA,false,false,true
BOLIVIA TARIJA,BOLIVIA,false,false,true
BOLIVIA TRINIDAD,BOLIVIA,false,false,true
BOSNIA,BOSNIA,false,false,true
BOSNIA ALTERNATIVE NET,BOSNIA,false,false,true
BOSNIA BHT,BOSNIA,false,false,true
BOSNIA MOBILE,BOSNIA,false,false,true
BOSNIA MOBILE BHTEL,BOSNIA,false,false,true
BOSNIA MOBILE ERONET,BOSNIA,false,false,true
BOSNIA MOBILE SRPSKE,BOSNIA,false,false,true
BOSNIA MOSTAR,BOSNIA,false,false,true
BOSNIA TELEKOM SRPSKE,BOSNIA,false,false,true
BOTSWANA,BOTSWANA,false,false,true
BOTSWANA MOBILE,BOTSWANA,false,false,true
BOTSWANA MOBILE BTC,BOTSWANA,false,false,true
BOTSWANA MOBILE MTN,BOTSWANA,false,false,true
BOTSWANA MOBILE ORANGE,BOTSWANA,false,false,true
BRAZIL,BRAZIL,false,false,true
BRAZIL BELO HORIZONTE,BRAZIL,false,false,true
BRAZIL CITIES,BRAZIL,false,false,true
BRAZIL CITIES ON NET,BRAZIL,false,false,true
BRAZIL GOVERNADOR VALADARES,BRAZIL,false,false,true
BRAZIL MOBILE,BRAZIL,false,false,true
BRAZIL MOBILE CLARO,BRAZIL,false,false,true
BRAZIL MOBILE NEXTEL,BRAZIL,false,false,true
BRAZIL MOBILE OI,BRAZIL,false,false,true
BRAZIL MOBILE TIM,BRAZIL,false,false,true
BRAZIL MOBILE VIVO,BRAZIL,false,false,true
BRAZIL RIO DE JANEIRO,BRAZIL,false,false,true
BRAZIL SAO PAULO,BRAZIL,false,false,true
BRITISH VIRGIN ISLANDS,BRITISH VIRGIN ISLANDS,false,false,true
BRITISH VIRGIN ISLANDS MOBILE,BRITISH VIRGIN ISLANDS,false,false,true
BRITISH VIRGIN ISLANDS MOBILE DIGICEL,BRITISH VIRGIN ISLANDS,false,false,true
BRUNEI,BRUNEI,false,false,true
BRUNEI MOBILE,BRUNEI,false,false,true
BULGARIA,BULGARIA,false,false,true
BULGARIA MOBILE MOBILTEL,BULGARIA,false,false,true
BULGARIA MOBILE TELENOR,BULGARIA,false,false,true
BULGARIA MOBILE VIVATEL,BULGARIA,false,false,true
BULGARIA OLO,BULGARIA,false,false,true
BULGARIA SOFIA,BULGARIA,false,false,true
BULGARIA WIMAX,BULGARIA,false,false,true
BURKINA FASO,BURKINA FASO,false,false,true
BURKINA FASO FIX ONATEL,BURKINA FASO,false,false,true
BURKINA FASO FIX ORANGE,BURKINA FASO,false,false,true
BURKINA FASO MOBILE ORANGE,BURKINA FASO,false,false,true
BURKINA FASO MOBILE TELECEL,BURKINA FASO,false,false,true
BURKINA FASO MOBILE TELMOB,BURKINA FASO,false,false,true
BURUNDI,BURUNDI,false,false,true
BURUNDI MOBILE,BURUNDI,false,false,true
BURUNDI MOBILE AFRICELL,BURUNDI,false,false,true
BURUNDI MOBILE ECONET,BURUNDI,false,false,true
BURUNDI MOBILE LUMITEL,BURUNDI,false,false,true
BURUNDI MOBILE ONATEL,BURUNDI,false,false,true
BURUNDI MOBILE UCOM,BURUNDI,false,false,true
BURUNDI ONKOD TELEKOM,BURUNDI,false,false,true
CAMBODIA,CAMBODIA,false,false,true
CAMBODIA METFONE,CAMBODIA,false,false,true
CAMBODIA MOBILE,CAMBODIA,false,false,true
CAMBODIA MOBILE CELLCARD,CAMBODIA,false,false,true
CAMBODIA MOBILE METFONE,CAMBODIA,false,false,true
CAMBODIA MOBILE SMART,CAMBODIA,false,false,true
CAMEROON,CAMEROON,false,false,true
CAMEROON MOBILE,CAMEROON,false,false,true
CAMEROON MOBILE CAMTEL,CAMEROON,false,false,true
CAMEROON MOBILE MTN,CAMEROON,false,false,true
CAMEROON MOBILE ORANGE,CAMEROON,false,false,true
CANADA ALBERTA,CANADA,false,false,true
CANADA BRITISH COLUMBIA,CANADA,false,false,true
CANADA MANITOBA,CANADA,false,false,true
CANADA NEW BRUNSWICK,CANADA,false,false,true
CANADA NEWFOUNDLAND,CANADA,false,false,true
CANADA NGN,CANADA,false,false,true
CANADA NOVA SCOTIA,CANADA,false,false,true
CANADA OFF NET,CANADA,false,false,true
CANADA ONTARIO,CANADA,false,false,true
CANADA QUEBEC,CANADA,false,false,true
CANADA SASKATCHEWAN,CANADA,false,false,true
CANADA YUKON,CANADA,false,false,true
CAPE VERDE,CAPE VERDE,false,false,true
CAPE VERDE MOBILE,CAPE VERDE,false,false,true
CAPE VERDE MOBILE TPLUS,CAPE VERDE,false,false,true
CAPE VERDE TLC,CAPE VERDE,false,false,true
CAYMAN ISLANDS,CAYMAN ISLANDS,false,false,true
CAYMAN ISLANDS MOBILE,CAYMAN ISLANDS,false,false,true
CAYMAN ISLANDS MOBILE C&W,CAYMAN ISLANDS,false,false,true
CAYMAN ISLANDS MOBILE DIGICEL,CAYMAN ISLANDS,false,false,true
CAYMAN ISLANDS WIRELESS BROADBAND DIGICEL,CAYMAN ISLANDS,false,false,true
CENTRAL AFRICAN REPUBLIC,CENTRAL AFRICAN REPUBLIC,false,false,true
CENTRAL AFRICAN REPUBLIC MOBILE MOOV,CENTRAL AFRICAN REPUBLIC,false,false,true
CENTRAL AFRICAN REPUBLIC MOBILE NATIONLINK,CENTRAL AFRICAN REPUBLIC,false,false,true
CENTRAL AFRICAN REPUBLIC MOBILE ORANGE,CENTRAL AFRICAN REPUBLIC,false,false,true
CENTRAL AFRICAN REPUBLIC MOBILE TELECEL,CENTRAL AFRICAN REPUBLIC,false,false,true
CENTRAL AFRICAN REPUBLIC MOBILE ZTE,CENTRAL AFRICAN REPUBLIC,false,false,true
CHAD,CHAD,false,false,true
CHAD MOBILE,CHAD,false,false,true
CHAD MOBILE CELTEL,CHAD,false,false,true
CHAD MOBILE MILLICOM,CHAD,false,false,true
CHAD MOBILE SALAM,CHAD,false,false,true
CHILE,CHILE,false,false,true
CHILE EASTER ISLAND,CHILE,false,false,true
CHILE MOBILE,CHILE,false,false,true
CHILE SANTIAGO,CHILE,false,false,true
CHINA,CHINA,false,false,true
CHINA BEIJING,CHINA,false,false,true
CHINA MOBILE,CHINA,false,false,true
CHINA SHANGHAI,CHINA,false,false,true
CHRISTMAS ISLANDS,AUSTRALIA,false,false,true
COLOMBIA,COLOMBIA,false,false,true
COLOMBIA BARRANQUILLA,COLOMBIA,false,false,true
COLOMBIA BOGOTA,COLOMBIA,false,false,true
COLOMBIA BUCARAMANGA,COLOMBIA,false,false,true
COLOMBIA CALI,COLOMBIA,false,false,true
COLOMBIA MANIZALES,COLOMBIA,false,false,true
COLOMBIA MEDELLIN,COLOMBIA,false,false,true
COLOMBIA MOBILE,COLOMBIA,false,false,true
COLOMBIA MOBILE AVANTEL,COLOMBIA,false,false,true
COLOMBIA MOBILE COMCEL,COLOMBIA,false,false,true
COLOMBIA MOBILE MOVISTAR,COLOMBIA,false,false,true
COLOMBIA MOBILE TIGO,COLOMBIA,false,false,true
COLOMBIA OTHER CITIES,COLOMBIA,false,false,true
COLOMBIA PEREIRA,COLOMBIA,false,false,true
COMOROS,COMOROS,false,false,true
COMOROS MOBILE,COMOROS,false,false,true
COMOROS WIAIR,COMOROS,false,false,true
CONGO,CONGO,false,false,true
CONGO MOBILE AIRTEL,CONGO,false,false,true
CONGO MOBILE AZUR,CONGO,false,false,true
CONGO MOBILE MTN,CONGO,false,false,true
CONGO MOBILE WARID,CONGO,false,false,true
COOK ISLANDS,COOK ISLANDS,false,false,true
COOK ISLANDS MOBILE,COOK ISLANDS,false,false,true
COSTA RICA,COSTA RICA,false,false,true
COSTA RICA FIX,COSTA RICA,false,false,true
COSTA RICA MOBILE,COSTA RICA,false,false,true
COSTA RICA MOBILE CLARO,COSTA RICA,false,false,true
COSTA RICA MOBILE ICE,COSTA RICA,false,false,true
COSTA RICA MOBILE MOVISTAR,COSTA RICA,false,false,true
COSTA RICA TIGO,COSTA RICA,false,false,true
COSTA RICA VOIP,COSTA RICA,false,false,true
CROATIA,CROATIA,false,false,true
CROATIA MOBILE TELE2,CROATIA,false,false,true
CROATIA MOBILE T MOBILE,CROATIA,false,false,true
CROATIA MOBILE VIPNET,CROATIA,false,false,true
CROATIA ZAGREB,CROATIA,false,false,true
CUBA,CUBA,false,false,true
CUBA MOBILE,CUBA,false,false,true
CYPRUS,CYPRUS,false,false,true
CYPRUS MOBILE,CYPRUS,false,false,true
CYPRUS MOBILE CYTA,CYPRUS,false,false,true
CYPRUS MOBILE LEMONTEL,CYPRUS,false,false,true
CYPRUS MOBILE MTN,CYPRUS,false,false,true
CYPRUS MOBILE PRIMETEL,CYPRUS,false,false,true
CZECH REPUBLIC,CZECH REPUBLIC,false,false,true
CZECH REPUBLIC MOBILE,CZECH REPUBLIC,false,false,true
CZECH REPUBLIC MOBILE 02,CZECH REPUBLIC,false,false,true
CZECH REPUBLIC MOBILE TMOBILE,CZECH REPUBLIC,false,false,true
CZECH REPUBLIC MOBILE VODAFONE,CZECH REPUBLIC,false,false,true
CZECH REPUBLIC PRAGUE,CZECH REPUBLIC,false,false,true
CZECH REPUBLIC PRS,CZECH REPUBLIC,false,false,true
CZECH REPUBLIC SPECIAL SERVICES,CZECH REPUBLIC,false,false,true
DENMARK,DENMARK,false,false,true
DENMARK COPENHAGEN,DENMARK,false,false,true
DENMARK MOBILE,DENMARK,false,false,true
DENMARK MOBILE HI3G,DENMARK,false,false,true
DENMARK MOBILE SONOFON,DENMARK,false,false,true
DENMARK MOBILE TDC,DENMARK,false,false,true
DENMARK MOBILE TELENOR,DENMARK,false,false,true
DENMARK MOBILE TELIA,DENMARK,false,false,true
DIEGO GARCIA,DIEGO GARCIA,false,false,true
DJIBOUTI,DJIBOUTI,false,false,true
DJIBOUTI MOBILE,DJIBOUTI,false,false,true
DOMINICA,DOMINICA,false,false,true
DOMINICA MOBILE C&W,DOMINICA,false,false,true
DOMINICA MOBILE DIGICEL,DOMINICA,false,false,true
DOMINICAN REPUBLIC,DOMINICAN REPUBLIC,false,false,true
DOMINICAN REPUBLIC FIX TRILOGY,DOMINICAN REPUBLIC,false,false,true
DOMINICAN REPUBLIC LOCAL,DOMINICAN REPUBLIC,false,false,true
DOMINICAN REPUBLIC MOBILE,DOMINICAN REPUBLIC,false,false,true
DOMINICAN REPUBLIC MOBILE CLARO,DOMINICAN REPUBLIC,false,false,true
DOMINICAN REPUBLIC MOBILE ORANGE,DOMINICAN REPUBLIC,false,false,true
DOMINICAN REPUBLIC MOBILE TRICOM,DOMINICAN REPUBLIC,false,false,true
DOMINICAN REPUBLIC MOBILE VIVA,DOMINICAN REPUBLIC,false,false,true
DOMINICAN REPUBLIC NATIONAL,DOMINICAN REPUBLIC,false,false,true
DOMINICAN REPUBLIC SANTIAGO,DOMINICAN REPUBLIC,false,false,true
DOMINICAN REPUBLIC SANTO DOMINGO,DOMINICAN REPUBLIC,false,false,true
DR. CONGO,DR. CONGO,false,false,true
DR. CONGO MOBILE,DR. CONGO,false,false,true
DR. CONGO MOBILE AFRICELL,DR. CONGO,false,false,true
DR. CONGO MOBILE CELTEL,DR. CONGO,false,false,true
DR. CONGO MOBILE ORANGE,DR. CONGO,false,false,true
DR. CONGO MOBILE VODACOM,DR. CONGO,false,false,true
EAST TIMOR,EAST TIMOR,false,false,true
EAST TIMOR MOBILE,EAST TIMOR,false,false,true
ECUADOR,ECUADOR,false,false,true
ECUADOR AMBATO,ECUADOR,false,false,true
ECUADOR CUENCA,ECUADOR,false,false,true
ECUADOR CUENCA ETAPA,ECUADOR,false,false,true
ECUADOR ESMERALDAS,ECUADOR,false,false,true
ECUADOR GUAYAQUIL,ECUADOR,false,false,true
ECUADOR MOBILE,ECUADOR,false,false,true
ECUADOR MOBILE ALLEGRO,ECUADOR,false,false,true
ECUADOR MOBILE MOVISTAR,ECUADOR,false,false,true
ECUADOR MOBILE PORTA,ECUADOR,false,false,true
ECUADOR PORTOVIEJO,ECUADOR,false,false,true
ECUADOR QUITO,ECUADOR,false,false,true
EGYPT,EGYPT,false,false,true
EGYPT ALEXANDRIA,EGYPT,false,false,true
EGYPT CAIRO,EGYPT,false,false,true
EGYPT MOBILE ETISALAT,EGYPT,false,false,true
EGYPT MOBILE ORANGE,EGYPT,false,false,true
EGYPT MOBILE VODAFONE,EGYPT,false,false,true
EGYPT MOBILE WE,EGYPT,false,false,true
EL SALVADOR,EL SALVADOR,false,false,true
EL SALVADOR CTE,EL SALVADOR,false,false,true
EL SALVADOR DIGICEL,EL SALVADOR,false,false,true
EL SALVADOR GCA,EL SALVADOR,false,false,true
EL SALVADOR INTELFON,EL SALVADOR,false,false,true
EL SALVADOR MOBILE,EL SALVADOR,false,false,true
EL SALVADOR MOBILE DIGICEL,EL SALVADOR,false,false,true
EL SALVADOR MOBILE INTELFON,EL SALVADOR,false,false,true
EL SALVADOR MOBILE PERSONAL,EL SALVADOR,false,false,true
EL SALVADOR MOBILE TELEFONICA,EL SALVADOR,false,false,true
EL SALVADOR MOBILE TELEMOVIL,EL SALVADOR,false,false,true
EL SALVADOR PERSONAL,EL SALVADOR,false,false,true
EL SALVADOR SALNET,EL SALVADOR,false,false,true
EL SALVADOR TELEFONICA,EL SALVADOR,false,false,true
EL SALVADOR TELEMOVIL,EL SALVADOR,false,false,true
EQUATORIAL GUINEA,EQUATORIAL GUINEA,false,false,true
EQUATORIAL GUINEA MOBILE,EQUATORIAL GUINEA,false,false,true
EQUATORIAL GUINEA MOBILE GREENCOM,EQUATORIAL GUINEA,false,false,true
EQUATORIAL GUINEA MOBILE ORANGE,EQUATORIAL GUINEA,false,false,true
ERITREA,ERITREA,false,false,true
ERITREA MOBILE,ERITREA,false,false,true
ESTONIA,ESTONIA,false,false,true
ESTONIA MOBILE ELISA,ESTONIA,false,false,true
ESTONIA MOBILE EMT,ESTONIA,false,false,true
ESTONIA MOBILE TELE2,ESTONIA,false,false,true
ESTONIA OTHERS,ESTONIA,false,false,true
ESWATINI,ESWATINI,false,false,true
ESWATINI MOBILE,ESWATINI,false,false,true
ESWATINI MOBILE MTN,ESWATINI,false,false,true
ESWATINI MOBILE SPTC,ESWATINI,false,false,true
ETHIOPIA,ETHIOPIA,false,false,true
ETHIOPIA ADDIS ABABA,ETHIOPIA,false,false,true
ETHIOPIA ADDIS ABABA MOBILE,ETHIOPIA,false,false,true
ETHIOPIA MOBILE,ETHIOPIA,false,false,true
FALKLAND ISLANDS,FALKLAND ISLANDS,false,false,true
FAROE ISLANDS,FAROE ISLANDS,false,false,true
FAROE ISLANDS MOBILE,FAROE ISLANDS,false,false,true
FIJI,FIJI,false,false,true
FIJI MOBILE,FIJI,false,false,true
FIJI MOBILE DIGICEL,FIJI,false,false,true
FINLAND,FINLAND,false,false,true
FINLAND CORPORATE NUMBERS,FINLAND,false,false,true
FINLAND CORPORATE SERVICES,FINLAND,false,false,true
FINLAND HELSINKI,FINLAND,false,false,true
FINLAND MOBILE,FINLAND,false,false,true
FINLAND MOBILE AALAND,FINLAND,false,false,true
FINLAND MOBILE DNA,FINLAND,false,false,true
FINLAND MOBILE ELISA,FINLAND,false,false,true
FINLAND MOBILE TELIA,FINLAND,false,false,true
FINLAND PORTABLE,FINLAND,false,false,true
FRANCE,FRANCE,false,false,true
FRANCE MOBILE,FRANCE,false,false,true
FRANCE MOBILE BOUYGUES,FRANCE,false,false,true
FRANCE MOBILE FREE,FRANCE,false,false,true
FRANCE MOBILE GLOBALSTAR,FRANCE,false,false,true
FRANCE MOBILE LYCATEL,FRANCE,false,false,true
FRANCE MOBILE ORANGE,FRANCE,false,false,true
FRANCE MOBILE SFR,FRANCE,false,false,true
FRANCE PREMIUM,FRANCE,false,false,true
FRENCH GUIANA,FRENCH GUIANA,false,false,true
FRENCH GUIANA MOBILE,FRENCH GUIANA,false,false,true
FRENCH GUIANA MOBILE DIGICEL,FRENCH GUIANA,false,false,true
FRENCH GUIANA MOBILE ORANGE,FRENCH GUIANA,false,false,true
FRENCH POLYNESIA,FRENCH POLYNESIA,false,false,true
FRENCH POLYNESIA MOBILE,FRENCH POLYNESIA,false,false,true
GABON,GABON,false,false,true
GABON MOBILE CELTEL,GABON,false,false,true
GABON MOBILE LIBERTIS,GABON,false,false,true
GABON MOBILE TELECEL,GABON,false,false,true
GABON MOBILE USAN,GABON,false,false,true
GAMBIA,GAMBIA,false,false,true
GAMBIA MOBILE AFRICELL,GAMBIA,false,false,true
GAMBIA MOBILE CDMA,GAMBIA,false,false,true
GAMBIA MOBILE COMIUM,GAMBIA,false,false,true
GAMBIA MOBILE GAMCEL,GAMBIA,false,false,true
GAMBIA MOBILE QCELL,GAMBIA,false,false,true
GEORGIA,GEORGIA,false,false,true
GEORGIA MOBILE,GEORGIA,false,false,true
GEORGIA MOBILE GEOCELL,GEORGIA,false,false,true
GEORGIA MOBILE MAGTICOM,GEORGIA,false,false,true
GEORGIA MOBILE MOBITEL,GEORGIA,false,false,true
GEORGIA MOBILE SILKNET,GEORGIA,false,false,true
GEORGIA TBILISI,GEORGIA,false,false,true
GERMANY,GERMANY,false,false,true
GERMANY MOBILE,GERMANY,false,false,true
GERMANY MOBILE ARGON NETWORKS,GERMANY,false,false,true
GERMANY MOBILE LYCA,GERMANY,false,false,true
GERMANY MOBILE O2,GERMANY,false,false,true
GERMANY MOBILE TMOBILE,GERMANY,false,false,true
GERMANY MOBILE VODAFONE,GERMANY,false,false,true
GHANA,GHANA,false,false,true
GHANA MOBILE,GHANA,false,false,true
GHANA MOBILE AIRTEL,GHANA,false,false,true
GHANA MOBILE GLO,GHANA,false,false,true
GHANA MOBILE MTN,GHANA,false,false,true
GHANA MOBILE TIGO,GHANA,false,false,true
GHANA MOBILE VODAFONE,GHANA,false,false,true
GHANA MTN,GHANA,false,false,true
GIBRALTAR,GIBRALTAR,false,false,true
GIBRALTAR MOBILE,GIBRALTAR,false,false,true
GREECE,GREECE,false,false,true
GREECE ALTERNATIVE FIXED NETWORKS,GREECE,false,false,true
GREECE ATHENS,GREECE,false,false,true
GREECE MOBILE,GREECE,false,false,true
GREECE MOBILE COSMOTE,GREECE,false,false,true
GREECE MOBILE VODAFONE,GREECE,false,false,true
GREECE MOBILE WIND,GREECE,false,false,true
GREECE THESSALONIKI,GREECE,false,false,true
GREENLAND,GREENLAND,false,false,true
GREENLAND MOBILE,GREENLAND,false,false,true
GRENADA,GRENADA,false,false,true
GRENADA MOBILE,GRENADA,false,false,true
GRENADA MOBILE DIGICEL,GRENADA,false,false,true
GUADELOUPE,GUADELOUPE,false,false,true
GUADELOUPE MOBILE,GUADELOUPE,false,false,true
GUADELOUPE MOBILE DIGICEL,GUADELOUPE,false,false,true
GUADELOUPE MOBILE ORANGE,GUADELOUPE,false,false,true
GUAM,GUAM,false,false,true
GUATEMALA,GUATEMALA,false,false,true
GUATEMALA ATEL,GUATEMALA,false,false,true
GUATEMALA MOBILE COMCEL,GUATEMALA,false,false,true
GUATEMALA MOBILE PCS,GUATEMALA,false,false,true
GUATEMALA MOBILE TELEFONICA,GUATEMALA,false,false,true
GUATEMALA TELGUA,GUATEMALA,false,false,true
GUINEA BISSAU,GUINEA-BISSAU,false,false,true
GUINEA BISSAU MOBILE GUINETEL,GUINEA-BISSAU,false,false,true
GUINEA BISSAU MOBILE MTN,GUINEA-BISSAU,false,false,true
GUINEA BISSAU MOBILE ORANGE,GUINEA-BISSAU,false,false,true
GUINEA REPUBLIC,GUINEA,false,false,true
GUINEA REPUBLIC GAMMA,GUINEA,false,false,true
GUINEA REPUBLIC MOBILE CELLCOM,GUINEA,false,false,true
GUINEA REPUBLIC MOBILE GAMMA,GUINEA,false,false,true
GUINEA REPUBLIC MOBILE INTERCEL,GUINEA,false,false,true
GUINEA REPUBLIC MOBILE MTN,GUINEA,false,false,true
GUINEA REPUBLIC MOBILE ORANGE,GUINEA,false,false,true
GUINEA REPUBLIC MOBILE SOTELGUI,GUINEA,false,false,true
GUYANA,GUYANA,false,false,true
GUYANA GEORGETOWN,GUYANA,false,false,true
GUYANA MOBILE,GUYANA,false,false,true
GUYANA MOBILE DIGICEL,GUYANA,false,false,true
HAITI,HAITI,false,false,true
HAITI MOBILE,HAITI,false,false,true
HAITI MOBILE DIGICEL,HAITI,false,false,true
HAITI MOBILE NATCOM,HAITI,false,false,true
HAITI NATCOM,HAITI,false,false,true
HONDURAS,HONDURAS,false,false,true
HONDURAS HONDUTEL,HONDURAS,false,false,true
HONDURAS MOBILE CELTEL,HONDURAS,false,false,true
HONDURAS MOBILE CLARO,HONDURAS,false,false,true
HONDURAS MOBILE HONDUTEL,HONDURAS,false,false,true
HONG KONG,HONG KONG,false,false,true
HONG KONG MOBILE,HONG KONG,false,false,true
HUNGARY,HUNGARY,false,false,true
HUNGARY BUDAPEST,HUNGARY,false,false,true
HUNGARY MOBILE,HUNGARY,false,false,true
HUNGARY MOBILE TELENOR,HUNGARY,false,false,true
HUNGARY MOBILE TMOBILE,HUNGARY,false,false,true
HUNGARY MOBILE VODAFONE,HUNGARY,false,false,true
ICELAND,ICELAND,false,false,true
ICELAND MOBILE,ICELAND,false,false,true
ICELAND MOBILE ICECELL,ICELAND,false,false,true
ICELAND MOBILE OG VODAFONE,ICELAND,false,false,true
ICELAND MOBILE TELECOM,ICELAND,false,false,true
INDIA,INDIA,false,false,true
INDIA CITIES,INDIA,false,false,true
INDIA MOBILE,INDIA,false,false,true
INDIA MOBILE AIRCEL,INDIA,false,false,true
INDIA MOBILE BHARTI,INDIA,false,false,true
INDIA MOBILE BSNL,INDIA,false,false,true
INDIA MOBILE RELIANCE,INDIA,false,false,true
INDIA MOBILE RJIO,INDIA,false,false,true
INDIA MOBILE TATA,INDIA,false,false,true
INDIA MOBILE VODAFONE,INDIA,false,false,true
INDONESIA,INDONESIA,false,false,true
INDONESIA CITIES,INDONESIA,false,false,true
INDONESIA JAKARTA,INDONESIA,false,false,true
INDONESIA MOBILE,INDONESIA,false,false,true
INDONESIA MOBILE EXCELCOM,INDONESIA,false,false,true
INDONESIA MOBILE INDOSAT,INDONESIA,false,false,true
INDONESIA MOBILE SATELLITE,INDONESIA,false,false,true
INDONESIA MOBILE TELKOMSEL,INDONESIA,false,false,true
INMARSAT,SATELLITE,false,false,true
INMARSAT ATLANTIC,SATELLITE,false,false,true
INMARSAT BGAN,INMARSAT,false,false,true
IRAN,IRAN,false,false,true
IRAN MOBILE,IRAN,false,false,true
IRAN MOBILE MCI,IRAN,false,false,true
IRAN MOBILE MTN,IRAN,false,false,true
IRAN TEHRAN,IRAN,false,false,true
IRAQ,IRAQ,false,false,true
IRAQ BAGHDAD,IRAQ,false,false,true
IRAQ BASRA,IRAQ,false,false,true
IRAQ DIWANIAH,IRAQ,false,false,true
IRAQ DUHOK,IRAQ,false,false,true
IRAQ ERBIL,IRAQ,false,false,true
IRAQ HILLA,IRAQ,false,false,true
IRAQ KARBALA,IRAQ,false,false,true
IRAQ MOBILE,IRAQ,false,false,true
IRAQ MOBILE ASIACELL,IRAQ,false,false,true
IRAQ MOBILE KALIMAT,IRAQ,false,false,true
IRAQ MOBILE KOREKTEL,IRAQ,false,false,true
IRAQ MOBILE MOBITEL,IRAQ,false,false,true
IRAQ MOBILE SANATEL,IRAQ,false,false,true
IRAQ MOBILE ZAIN,IRAQ,false,false,true
IRAQ MUSEL,IRAQ,false,false,true
IRAQ NAJAF,IRAQ,false,false,true
IRAQ OMNEA,IRAQ,false,false,true
IRAQ SAMAWA,IRAQ,false,false,true
IRAQ SULAIMANIYA,IRAQ,false,false,true
IRELAND,IRELAND,false,false,true
IRELAND DUBLIN,IRELAND,false,false,true
IRELAND MOBILE,IRELAND,false,false,true
IRELAND MOBILE H3G,IRELAND,false,false,true
IRELAND MOBILE LYCATEL,IRELAND,false,false,true
IRELAND MOBILE METEOR,IRELAND,false,false,true
IRELAND MOBILE O2,IRELAND,false,false,true
IRELAND MOBILE TESCO,IRELAND,false,false,true
IRELAND MOBILE VODAFONE,IRELAND,false,false,true
IRELAND UNIVERSAL ACCESS,IRELAND,false,false,true
IRELAND VOIP,IRELAND,false,false,true
ISRAEL,ISRAEL,false,false,true
ISRAEL MOBILE,ISRAEL,false,false,true
ISRAEL MOBILE CELLCOM,ISRAEL,false,false,true
ISRAEL MOBILE MIRS,ISRAEL,false,false,true
ISRAEL MOBILE ORANGE,ISRAEL,false,false,true
ISRAEL PALESTINE,ISRAEL,false,false,true
ISRAEL PALESTINE MOBILE,ISRAEL,false,false,true
ISRAEL PALESTINE MOBILE WATANYA,ISRAEL,false,false,true
ITALY,ITALY,false,false,true
ITALY MOBILE,ITALY,false,false,true
ITALY MOBILE BT,ITALY,false,false,true
ITALY MOBILE COOP,ITALY,false,false,true
ITALY MOBILE DIGI,ITALY,false,false,true
ITALY MOBILE FASTWEB,ITALY,false,false,true
ITALY MOBILE H3G,ITALY,false,false,true
ITALY MOBILE ILIAD,ITALY,false,false,true
ITALY MOBILE INTERMATICA,ITALY,false,false,true
ITALY MOBILE LYCAMOBILE,ITALY,false,false,true
ITALY MOBILE PLINTRON,ITALY,false,false,true
ITALY MOBILE POSTEMOBILE,ITALY,false,false,true
ITALY MOBILE TIM,ITALY,false,false,true
ITALY MOBILE VODAFONE,ITALY,false,false,true
ITALY MOBILE WELCOME,ITALY,false,false,true
ITALY MOBILE WIND,ITALY,false,false,true
IVORY COAST,IVORY COAST,false,false,true
IVORY COAST FIX MOOV,IVORY COAST,false,false,true
IVORY COAST FIX MTN,IVORY COAST,false,false,true
IVORY COAST MOBILE MOOV,IVORY COAST,false,false,true
IVORY COAST MOBILE MTN,IVORY COAST,false,false,true
IVORY COAST MOBILE ORANGE,IVORY COAST,false,false,true
JAMAICA,JAMAICA,false,false,true
JAMAICA DIGICEL WIRELESS BROADBAND,JAMAICA,false,false,true
JAMAICA MOBILE C&W,JAMAICA,false,false,true
JAMAICA MOBILE DIGICEL,JAMAICA,false,false,true
JAPAN,JAPAN,false,false,true
JAPAN MOBILE,JAPAN,false,false,true
JAPAN TOKYO,JAPAN,false,false,true
JAPAN VOIP,JAPAN,false,false,true
JORDAN,JORDAN,false,false,true
JORDAN AMMAN,JORDAN,false,false,true
JORDAN MOBILE,JORDAN,false,false,true
JORDAN MOBILE FASTLINK,JORDAN,false,false,true
JORDAN MOBILE ORANGE,JORDAN,false,false,true
JORDAN MOBILE UMNIAH,JORDAN,false,false,true
JORDAN MOBILE XPRESS,JORDAN,false,false,true
KAZAKHSTAN,KAZAKHSTAN,false,false,true
KAZAKHSTAN ALMATY,KAZAKHSTAN,false,false,true
KAZAKHSTAN ASTANA,KAZAKHSTAN,false,false,true
KAZAKHSTAN KARAGANDA,KAZAKHSTAN,false,false,true
KAZAKHSTAN MOBILE ALTEL,KAZAKHSTAN,false,false,true
KAZAKHSTAN MOBILE BEELINE,KAZAKHSTAN,false,false,true
KAZAKHSTAN MOBILE K CELL,KAZAKHSTAN,false,false,true
KAZAKHSTAN MOBILE TELE2,KAZAKHSTAN,false,false,true
KAZAKHSTAN RESERVED,KAZAKHSTAN,false,false,true
KENYA,KENYA,false,false,true
KENYA FLASHCOM,KENYA,false,false,true
KENYA MOBILE,KENYA,false,false,true
KENYA MOBILE CELTEL,KENYA,false,false,true
KENYA MOBILE ESSAR,KENYA,false,false,true
KENYA MOBILE ORANGE,KENYA,false,false,true
KENYA MOBILE SAFARICOM,KENYA,false,false,true
KENYA NAIROBI,KENYA,false,false,true
KIRIBATI,KIRIBATI,false,false,true
KOSOVO,KOSOVO,false,false,true
KOSOVO IPKO,KOSOVO,false,false,true
KOSOVO MOBILE,KOSOVO,false,false,true
KOSOVO MOBILE IPKO,KOSOVO,false,false,true
KOSOVO MOBILE VALA,KOSOVO,false,false,true
KUWAIT,KUWAIT,false,false,true
KUWAIT MOBILE VIVA,KUWAIT,false,false,true
KUWAIT MOBILE WATANIYA,KUWAIT,false,false,true
KUWAIT MOBILE ZAIN,KUWAIT,false,false,true
KYRGHYZSTAN,KYRGHYZSTAN,false,false,true
KYRGHYZSTAN BISHKEK,KYRGHYZSTAN,false,false,true
KYRGHYZSTAN MOBILE,KYRGHYZSTAN,false,false,true
KYRGHYZSTAN MOBILE BEELINE,KYRGHYZSTAN,false,false,true
KYRGHYZSTAN MOBILE MEGACOM,KYRGHYZSTAN,false,false,true
KYRGHYZSTAN MOBILE NURTELECOM,KYRGHYZSTAN,false,false,true
KYRGHYZSTAN SKY,KYRGHYZSTAN,false,false,true
LAOS,LAOS,false,false,true
LAOS MOBILE,LAOS,false,false,true
LATVIA,LATVIA,false,false,true
LEBANON,LEBANON,false,false,true
LEBANON BEIRUT,LEBANON,false,false,true
LEBANON MOBILE,LEBANON,false,false,true
LESOTHO,LESOTHO,false,false,true
LESOTHO MOBILE ECONET EZICEL,LESOTHO,false,false,true
LESOTHO MOBILE VODACOM,LESOTHO,false,false,true
LIBERIA,LIBERIA,false,false,true
LIBERIA MOBILE CELCOM,LIBERIA,false,false,true
LIBERIA MOBILE COMIUM,LIBERIA,false,false,true
LIBERIA MOBILE LIBERCELL,LIBERIA,false,false,true
LIBERIA MOBILE LONESTAR MTN,LIBERIA,false,false,true
LIBYA,LIBYA,false,false,true
LIBYA MOBILE,LIBYA,false,false,true
LIBYA MOBILE ALMADAR,LIBYA,false,false,true
LIECHTENSTEIN,LIECHTENSTEIN,false,false,true
LIECHTENSTEIN MOBILE,LIECHTENSTEIN,false,false,true
LIECHTENSTEIN MOBILE ORANGE,LIECHTENSTEIN,false,false,true
LITHUANIA,LITHUANIA,false,false,true
LITHUANIA MOBILE,LITHUANIA,false,false,true
LITHUANIA MOBILE BITE,LITHUANIA,false,false,true
LITHUANIA MOBILE TELE2,LITHUANIA,false,false,true
LITHUANIA MOBILE TELIA,LITHUANIA,false,false,true
LUXEMBOURG,LUXEMBOURG,false,false,true
LUXEMBOURG MOBILE LUXGSM AND TANGO,LUXEMBOURG,false,false,true
LUXEMBOURG MOBILE ORANGE,LUXEMBOURG,false,false,true
MACAO,MACAO,false,false,true
MACAO MOBILE,MACAO,false,false,true
MACEDONIA,MACEDONIA,false,false,true
MACEDONIA COSMOFON,MACEDONIA,false,false,true
MACEDONIA MOBILE ALBAFONE,MACEDONIA,false,false,true
MACEDONIA MOBILE COSMOFON,MACEDONIA,false,false,true
MACEDONIA MOBILE LYCA,MACEDONIA,false,false,true
MACEDONIA MOBILE TELEKABEL,MACEDONIA,false,false,true
MACEDONIA MOBILE T MOBILE,MACEDONIA,false,false,true
MACEDONIA MOBILE VIP,MACEDONIA,false,false,true
MADAGASCAR,MADAGASCAR,false,false,true
MADAGASCAR MOBILE MADAMOBIL,MADAGASCAR,false,false,true
MADAGASCAR MOBILE ORANGE,MADAGASCAR,false,false,true
MADAGASCAR MOBILE TELMA,MADAGASCAR,false,false,true
MADAGASCAR MOBILE ZAIN,MADAGASCAR,false,false,true
MALAWI,MALAWI,false,false,true
MALAWI MOBILE CELTEL,MALAWI,false,false,true
MALAWI MOBILE TMN,MALAWI,false,false,true
MALAYSIA,MALAYSIA,false,false,true
MALAYSIA KUALA LUMPUR,MALAYSIA,false,false,true
MALAYSIA MOBILE,MALAYSIA,false,false,true
MALAYSIA MOBILE CELCOM,MALAYSIA,false,false,true
MALAYSIA MOBILE DIGI,MALAYSIA,false,false,true
MALAYSIA MOBILE MAXIS,MALAYSIA,false,false,true
MALAYSIA MOBILE U,MALAYSIA,false,false,true
MALDIVES,MALDIVES,false,false,true
MALDIVES MOBILE,MALDIVES,false,false,true
MALDIVES MOBILE WATANIYA,MALDIVES,false,false,true
MALI,MALI,false,false,true
MALI BAMAKO,MALI,false,false,true
MALI MOBILE,MALI,false,false,true
MALI MOBILE ATEL,MALI,false,false,true
MALI MOBILE ORANGE,MALI,false,false,true
MALI ORANGE,MALI,false,false,true
MALTA,MALTA,false,false,true
MALTA MOBILE,MALTA,false,false,true
MALTA MOBILE GO,MALTA,false,false,true
MALTA MOBILE VODAFONE,MALTA,false,false,true
MARIANA ISLANDS SAIPAN,MARIANA ISLANDS SAIPAN,false,false,true
MARIANA ISLANDS SAIPAN MOBILE,MARIANA ISLANDS SAIPAN,false,false,true
MARSHALL ISLANDS,MARSHALL ISLANDS,false,false,true
MARTINIQUE,MARTINIQUE,false,false,true
MARTINIQUE MOBILE,MARTINIQUE,false,false,true
MARTINIQUE MOBILE DIGICEL,MARTINIQUE,false,false,true
MARTINIQUE MOBILE ORANGE,MARTINIQUE,false,false,true
MAURITANIA,MAURITANIA,false,false,true
MAURITANIA CHINGUITEL,MAURITANIA,false,false,true
MAURITANIA MATTEL,MAURITANIA,false,false,true
MAURITANIA MAURITEL,MAURITANIA,false,false,true
MAURITANIA MOBILE CHINGUITEL,MAURITANIA,false,false,true
MAURITANIA MOBILE MATTEL,MAURITANIA,false,false,true
MAURITANIA MOBILE MAURITEL,MAURITANIA,false,false,true
MAURITIUS,MAURITIUS,false,false,true
MAURITIUS MOBILE,MAURITIUS,false,false,true
MEXICO,MEXICO,false,false,true
MEXICO MOBILE,MEXICO,false,false,true
MEXICO MOBILE IUSACELL,MEXICO,false,false,true
MEXICO MOBILE MOVISTAR,MEXICO,false,false,true
MEXICO MOBILE TELCEL,MEXICO,false,false,true
MICRONESIA,MICRONESIA,false,false,true
MOLDOVA,MOLDOVA,false,false,true
MOLDOVA MOBILE MOLDCELL,MOLDOVA,false,false,true
MOLDOVA MOBILE MOLDTELECOM,MOLDOVA,false,false,true
MOLDOVA MOBILE ORANGE,MOLDOVA,false,false,true
MOLDOVA PRIDNOSTROVIE,MOLDOVA,false,false,true
MOLDOVA PRIDNOSTROVIE MOBILE,MOLDOVA,false,false,true
MONACO,MONACO,false,false,true
MONACO MOBILE,MONACO,false,false,true
MONACO MOBILE FREEDHOME,MONACO,false,false,true
MONACO VOIX SUR IP,MONACO,false,false,true
MONGOLIA,MONGOLIA,false,false,true
MONGOLIA MOBILE,MONGOLIA,false,false,true
MONGOLIA MOBILE MOBICOM,MONGOLIA,false,false,true
MONTENEGRO,MONTENEGRO,false,false,true
MONTENEGRO MOBILE MTEL,MONTENEGRO,false,false,true
MONTENEGRO MOBILE PROMONTE,MONTENEGRO,false,false,true
MONTENEGRO MOBILE TMOBILE,MONTENEGRO,false,false,true
MONTSERRAT,MONTSERRAT,false,false,true
MONTSERRAT MOBILE C&W,MONTSERRAT,false,false,true
MONTSERRAT MOBILE DIGICEL,MONTSERRAT,false,false,true
MOROCCO,MOROCCO,false,false,true
MOROCCO GLOBALSTAR,MOROCCO,false,false,true
MOROCCO MEDITEL,MOROCCO,false,false,true
MOROCCO MOBILE IAM,MOROCCO,false,false,true
MOROCCO MOBILE MEDITEL,MOROCCO,false,false,true
MOROCCO MOBILE WANA FULL MOBILITY,MOROCCO,false,false,true
MOROCCO WANA,MOROCCO,false,false,true
MOZAMBIQUE,MOZAMBIQUE,false,false,true
MOZAMBIQUE MOBILE,MOZAMBIQUE,false,false,true
MOZAMBIQUE MOBILE MOVITEL,MOZAMBIQUE,false,false,true
MOZAMBIQUE MOBILE VODACOM,MOZAMBIQUE,false,false,true
MYANMAR,MYANMAR,false,false,true
MYANMAR FIX MPT,MYANMAR,false,false,true
MYANMAR MOBILE,MYANMAR,false,false,true
MYANMAR MOBILE MPT,MYANMAR,false,false,true
MYANMAR MOBILE MYTEL,MYANMAR,false,false,true
MYANMAR MOBILE OOREDOO,MYANMAR,false,false,true
MYANMAR MOBILE TELENOR,MYANMAR,false,false,true
NAMIBIA,NAMIBIA,false,false,true
NAMIBIA MOBILE LEO,NAMIBIA,false,false,true
NAMIBIA MOBILE MTC,NAMIBIA,false,false,true
NAURU,NAURU,false,false,true
NEPAL,NEPAL,false,false,true
NEPAL KATHMANDU,NEPAL,false,false,true
NEPAL MOBILE,NEPAL,false,false,true
NEPAL MOBILE NTC,NEPAL,false,false,true
NEPAL MOBILE SPICE,NEPAL,false,false,true
NETHERLANDS,NETHERLANDS,false,false,true
NETHERLANDS ANTILLES,NETHERLANDS ANTILLES,false,false,true
NETHERLANDS ANTILLES BONAIRE,NETHERLANDS ANTILLES,false,false,true
NETHERLANDS ANTILLES CURACAO,NETHERLANDS ANTILLES,false,false,true
NETHERLANDS ANTILLES MOBILE BONAIRE,NETHERLANDS ANTILLES,false,false,true
NETHERLANDS ANTILLES MOBILE BONAIRE DIGICEL,NETHERLANDS ANTILLES,false,false,true
NETHERLANDS ANTILLES MOBILE CURACAO,NETHERLANDS ANTILLES,false,false,true
NETHERLANDS ANTILLES MOBILE CURACAO DIGICEL,NETHERLANDS ANTILLES,false,false,true
NETHERLANDS ANTILLES MOBILE SABA,NETHERLANDS ANTILLES,false,false,true
NETHERLANDS ANTILLES MOBILE ST EUSTATIUS,NETHERLANDS ANTILLES,false,false,true
NETHERLANDS MOBILE,NETHERLANDS,false,false,true
NETHERLANDS MOBILE KPN,NETHERLANDS,false,false,true
NETHERLANDS MOBILE LYCAMOBILE,NETHERLANDS,false,false,true
NETHERLANDS MOBILE TELE2,NETHERLANDS,false,false,true
NETHERLANDS MOBILE TELFORT,NETHERLANDS,false,false,true
NETHERLANDS MOBILE TMOBILE,NETHERLANDS,false,false,true
NETHERLANDS MOBILE VODAFONE,NETHERLANDS,false,false,true
NEW CALEDONIA,NEW CALEDONIA,false,false,true
NEW CALEDONIA MOBILE,NEW CALEDONIA,false,false,true
NEW ZEALAND,NEW ZEALAND,false,false,true
NEW ZEALAND AUCKLAND,NEW ZEALAND,false,false,true
NEW ZEALAND MOBILE,NEW ZEALAND,false,false,true
NEW ZEALAND MOBILE VODAFONE,NEW ZEALAND,false,false,true
NEW ZEALAND SCOTT BASE,NEW ZEALAND,false,false,true
NICARAGUA,NICARAGUA,false,false,true
NICARAGUA MANAGUA,NICARAGUA,false,false,true
NICARAGUA MOBILE,NICARAGUA,false,false,true
NICARAGUA MOBILE CLARO,NICARAGUA,false,false,true
NICARAGUA MOBILE MOVISTAR,NICARAGUA,false,false,true
NICARAGUA MOBILE XINWEI,NICARAGUA,false,false,true
NIGER,NIGER,false,false,true
NIGERIA,NIGERIA,false,false,true
NIGERIA LAGOS,NIGERIA,false,false,true
NIGERIA MOBILE,NIGERIA,false,false,true
NIGERIA MOBILE CELTEL,NIGERIA,false,false,true
NIGERIA MOBILE ETISALAT,NIGERIA,false,false,true
NIGERIA MOBILE GLOBACOM,NIGERIA,false,false,true
NIGERIA MOBILE MTN,NIGERIA,false,false,true
NIGERIA MOBILE VISAFONE,NIGERIA,false,false,true
NIGER MOBILE CELTEL,NIGER,false,false,true
NIGER MOBILE MOOV,NIGER,false,false,true
NIGER MOBILE ORANGE,NIGER,false,false,true
NIGER MOBILE SAHELCOM,NIGER,false,false,true
NIUE ISLANDS,NIUE,false,false,true
NORTH KOREA,NORTH KOREA,false,false,true
NORWAY,NORWAY,false,false,true
NORWAY MOBILE,NORWAY,false,false,true
NORWAY MOBILE LYCAMOBILE,NORWAY,false,false,true
NORWAY MOBILE TELENOR,NORWAY,false,false,true
NORWAY MOBILE TELIA,NORWAY,false,false,true
NORWAY OSLO,NORWAY,false,false,true
NORWAY SPECIAL SERVICES,NORWAY,false,false,true
OMAN,OMAN,false,false,true
OMAN MOBILE,OMAN,false,false,true
OMAN MOBILE NAWRAS,OMAN,false,false,true
OMAN MOBILE OMANMOBILE,OMAN,false,false,true
PAKISTAN,PAKISTAN,false,false,true
PAKISTAN MOBILE,PAKISTAN,false,false,true
PAKISTAN MOBILE MOBILINK,PAKISTAN,false,false,true
PAKISTAN MOBILE TELENOR,PAKISTAN,false,false,true
PAKISTAN MOBILE UFONE,PAKISTAN,false,false,true
PAKISTAN MOBILE WARID,PAKISTAN,false,false,true
PAKISTAN MOBILE ZONG,PAKISTAN,false,false,true
PALAU,PALAU,false,false,true
PALESTINE,PALESTINE,false,false,true
PALESTINE MOBILE,PALESTINE,false,false,true
PALESTINE MOBILE WATANYA,PALESTINE,false,false,true
PANAMA,PANAMA,false,false,true
PANAMA CABLE & WIRELESS,PANAMA,false,false,true
PANAMA FIXED OFF NET,PANAMA,false,false,true
PANAMA MOBILE,PANAMA,false,false,true
PANAMA MOBILE CLARO,PANAMA,false,false,true
PANAMA MOBILE C&W,PANAMA,false,false,true
PANAMA MOBILE DIGICEL,PANAMA,false,false,true
PANAMA MOBILE MOVISTAR,PANAMA,false,false,true
PAPUA NEW GUINEA,PAPUA NEW GUINEA,false,false,true
PARAGUAY,PARAGUAY,false,false,true
PARAGUAY ASUNCION,PARAGUAY,false,false,true
PARAGUAY MOBILE,PARAGUAY,false,false,true
PARAGUAY MOBILE CLARO,PARAGUAY,false,false,true
PARAGUAY MOBILE PERSONAL,PARAGUAY,false,false,true
PARAGUAY MOBILE TIGO,PARAGUAY,false,false,true
PARAGUAY MOBILE VOX,PARAGUAY,false,false,true
PERU,PERU,false,false,true
PERU LIMA,PERU,false,false,true
PERU MOBILE,PERU,false,false,true
PERU MOBILE CLARO,PERU,false,false,true
PERU MOBILE TELEFONICA,PERU,false,false,true
PERU RURAL,PERU,false,false,true
PHILIPPINES,PHILIPPINES,false,false,true
PHILIPPINES GLOBE FIXED,PHILIPPINES,false,false,false
PHILIPPINES MANILA,PHILIPPINES,false,false,true
PHILIPPINES MOBILE,PHILIPPINES,false,false,true
PHILIPPINES MOBILE GLOBE,PHILIPPINES,false,false,true
PHILIPPINES MOBILE SMART,PHILIPPINES,false,false,true
PHILIPPINES SPECIAL SERVICES,PHILIPPINES,false,false,true
POLAND,POLAND,false,false,true
POLAND MOBILE ERA,POLAND,false,false,true
POLAND MOBILE LYCATEL,POLAND,false,false,true
POLAND MOBILE MOBYLAND,POLAND,false,false,true
POLAND MOBILE ORANGE,POLAND,false,false,true
POLAND MOBILE P4,POLAND,false,false,true
POLAND MOBILE POLKOMTEL,POLAND,false,false,true
POLAND OLO,POLAND,false,false,true
POLAND WARSAW,POLAND,false,false,true
PORTUGAL,PORTUGAL,false,false,true
PORTUGAL LISBON,PORTUGAL,false,false,true
PORTUGAL MOBILE,PORTUGAL,false,false,true
PORTUGAL MOBILE LYCATEL,PORTUGAL,false,false,true
PORTUGAL MOBILE OPTIMUS,PORTUGAL,false,false,true
PORTUGAL MOBILE TMN,PORTUGAL,false,false,true
PORTUGAL MOBILE VODAFONE,PORTUGAL,false,false,true
PUERTO RICO,PUERTO RICO,false,false,true
QATAR,QATAR,false,false,true
QATAR MOBILE QTEL,QATAR,false,false,true
QATAR MOBILE VODAFONE,QATAR,false,false,true
REUNION,REUNION,false,false,true
REUNION MAYOTTE,REUNION,false,false,true
REUNION MAYOTTE MOBILE,REUNION,false,false,true
REUNION MAYOTTE MOBILE ORANGE,REUNION,false,false,true
REUNION MOBILE,REUNION,false,false,true
REUNION MOBILE ORANGE,REUNION,false,false,true
REUNION MOBILE SFR,REUNION,false,false,true
ROMANIA,ROMANIA,false,false,true
ROMANIA BUCAREST,ROMANIA,false,false,true
ROMANIA MOBILE,ROMANIA,false,false,true
ROMANIA MOBILE COSMOTE,ROMANIA,false,false,true
ROMANIA MOBILE DIGIMOBIL,ROMANIA,false,false,true
ROMANIA MOBILE LYCATEL,ROMANIA,false,false,true
ROMANIA MOBILE ORANGE,ROMANIA,false,false,true
ROMANIA MOBILE VODAFONE,ROMANIA,false,false,true
ROMANIA OLO,ROMANIA,false,false,true
RUSSIA,RUSSIA,false,false,true
RUSSIA MOBILE,RUSSIA,false,false,true
RUSSIA MOBILE BEELINE,RUSSIA,false,false,true
RUSSIA MOBILE MEGAFON,RUSSIA,false,false,true
RUSSIA MOBILE MTS,RUSSIA,false,false,true
RUSSIA MOBILE SOUTH OSETIJA,RUSSIA,false,false,true
RUSSIA MOBILE VTELL,RUSSIA,false,false,true
RUSSIA MOSCOW,RUSSIA,false,false,true
RUSSIA ST PETERSBURG,RUSSIA,false,false,true
RUSSIA ZONE 1,RUSSIA,false,false,true
RUSSIA ZONE 2,RUSSIA,false,false,true
RUSSIA ZONE 3,RUSSIA,false,false,true
RUSSIA ZONE 4,RUSSIA,false,false,true
RUSSIA ZONE 5,RUSSIA,false,false,true
RWANDA,RWANDA,false,false,true
RWANDA MOBILE AIRTEL,RWANDA,false,false,true
RWANDA MOBILE MTN,RWANDA,false,false,true
RWANDA MOBILE RWANDATEL,RWANDA,false,false,true
RWANDA MOBILE TIGO,RWANDA,false,false,true
RWANDA MTN,RWANDA,false,false,true
RWANDA RWANDATEL,RWANDA,false,false,true
SAN MARINO,SAN MARINO,false,false,true
SAN MARINO MOBILE,SAN MARINO,false,false,true
SAO TOME,SAO TOME,false,false,true
SAO TOME MOBILE,SAO TOME,false,false,true
SATELLITE MOBILE,SATELLITE,false,false,true
SATELLITE MOBILE ABOA STATION ANTARCTICA,SATELLITE,false,false,true
SATELLITE MOBILE AEROMOBILE,SATELLITE,false,false,true
SATELLITE MOBILE ELIPSO,SATELLITE,false,false,true
SATELLITE MOBILE ELLIPSO SATELLITE SERVICE,SATELLITE,false,false,true
SATELLITE MOBILE EMSAT,SATELLITE,false,false,true
SATELLITE MOBILE GERMANY DTAG,SATELLITE,false,false,true
SATELLITE MOBILE GLOBALSTAR 8,SATELLITE,false,false,true
SATELLITE MOBILE GLOBALSTAR 9,SATELLITE,false,false,true
SATELLITE MOBILE IRIDIUM 6,SATELLITE,false,false,true
SATELLITE MOBILE IRIDIUM 7,SATELLITE,false,false,true
SATELLITE MOBILE JERSEY TELECOM,SATELLITE,false,false,true
SATELLITE MOBILE MARITIME COMMUNICATION PARTNRS,SATELLITE,false,false,true
SATELLITE MOBILE ORATION TECHNOLOGIES NETWORK,SATELLITE,false,false,true
SATELLITE MOBILE THURAYA,SATELLITE,false,false,true
SAUDI ARABIA,SAUDI ARABIA,false,false,true
SAUDI ARABIA JEDDAH,SAUDI ARABIA,false,false,true
SAUDI ARABIA MOBILE BRAVO,SAUDI ARABIA,false,false,true
SAUDI ARABIA MOBILE LEBARA,SAUDI ARABIA,false,false,true
SAUDI ARABIA MOBILE MOBILY,SAUDI ARABIA,false,false,true
SAUDI ARABIA MOBILE STC,SAUDI ARABIA,false,false,true
SAUDI ARABIA MOBILE VIRGIN,SAUDI ARABIA,false,false,true
SAUDI ARABIA MOBILE ZAIN,SAUDI ARABIA,false,false,true
SAUDI ARABIA RIYADH,SAUDI ARABIA,false,false,true
SENEGAL,SENEGAL,false,false,true
SENEGAL FIX HAYO,SENEGAL,false,false,true
SENEGAL FIX SUDATEL,SENEGAL,false,false,true
SENEGAL FIX TIGO,SENEGAL,false,false,true
SENEGAL MOBILE,SENEGAL,false,false,true
SENEGAL MOBILE HAYO,SENEGAL,false,false,true
SENEGAL MOBILE ORANGE,SENEGAL,false,false,true
SENEGAL MOBILE SUDATEL,SENEGAL,false,false,true
SENEGAL MOBILE TIGO,SENEGAL,false,false,true
SERBIA,SERBIA,false,false,true
SERBIA MOBILE,SERBIA,false,false,true
SERBIA MOBILE TELECOM SRBIJE,SERBIA,false,false,true
SERBIA MOBILE TELENOR,SERBIA,false,false,true
SERBIA MOBILE VIP,SERBIA,false,false,true
SERBIA ORION,SERBIA,false,false,true
SEYCHELLES,SEYCHELLES,false,false,true
SEYCHELLES MOBILE AIRTEL,SEYCHELLES,false,false,true
SEYCHELLES MOBILE C&W,SEYCHELLES,false,false,true
SIERRA LEONE,SIERRA LEONE,false,false,true
SIERRA LEONE MOBILE,SIERRA LEONE,false,false,true
SIERRA LEONE MOBILE AFRICELL,SIERRA LEONE,false,false,true
SIERRA LEONE MOBILE ORANGE,SIERRA LEONE,false,false,true
SIERRA LEONE MOBILE QCELL,SIERRA LEONE,false,false,true
SINGAPORE,SINGAPORE,false,false,true
SINGAPORE MOBILE,SINGAPORE,false,false,true
SLOVAK REPUBLIC,SLOVAK REPUBLIC,false,false,true
SLOVAK REPUBLIC MOBILE,SLOVAK REPUBLIC,false,false,true
SLOVAK REPUBLIC MOBILE ORANGE,SLOVAK REPUBLIC,false,false,true
SLOVAK REPUBLIC MOBILE TELEFONICA O2,SLOVAK REPUBLIC,false,false,true
SLOVAK REPUBLIC MOBILE TMOBILE,SLOVAK REPUBLIC,false,false,true
SLOVENIJA,SLOVENIJA,false,false,true
SLOVENIJA MOBILE IPKO,SLOVENIJA,false,false,true
SLOVENIJA MOBILE MOBITEL,SLOVENIJA,false,false,true
SLOVENIJA MOBILE SIMOBIL,SLOVENIJA,false,false,true
SLOVENIJA MOBILE T2,SLOVENIJA,false,false,true
SLOVENIJA MOBILE TUSMOBIL,SLOVENIJA,false,false,true
SOLOMON ISLANDS,SOLOMON ISLANDS,false,false,true
SOMALIA,SOMALIA,false,false,true
SOMALIA GOLIS,SOMALIA,false,false,true
SOMALIA HORMUD,SOMALIA,false,false,true
SOMALIA MOBILE ONKOD,SOMALIA,false,false,true
SOMALIA NATIONLINK,SOMALIA,false,false,true
SOMALIA NATIONLINK SOMALI LAND,SOMALIA,false,false,true
SOMALIA SAHAN TELECOM,SOMALIA,false,false,true
SOMALIA SOLTELCO,SOMALIA,false,false,true
SOMALIA SOMAFONE,SOMALIA,false,false,true
SOMALIA SOMTEL,SOMALIA,false,false,true
SOMALIA STC ERIGABO,SOMALIA,false,false,true
SOMALIA STG BOSSASSO,SOMALIA,false,false,true
SOMALIA STG BURAO,SOMALIA,false,false,true
SOMALIA STG GALCOM,SOMALIA,false,false,true
SOMALIA TELCOM SOMALIA,SOMALIA,false,false,true
SOMALIA TELESOM,SOMALIA,false,false,true
SOUTHAFRICA,SOUTHAFRICA,false,false,true
SOUTHAFRICA CAPETOWN,SOUTHAFRICA,false,false,true
SOUTHAFRICA JOHANNESBURG,SOUTHAFRICA,false,false,true
SOUTHAFRICA MOBILE,SOUTHAFRICA,false,false,true
SOUTHAFRICA MOBILE CELLC,SOUTHAFRICA,false,false,true
SOUTHAFRICA MOBILE MTN,SOUTHAFRICA,false,false,true
SOUTHAFRICA MOBILE VODACOM,SOUTHAFRICA,false,false,true
SOUTH KOREA,SOUTH KOREA,false,false,true
SOUTH KOREA MOBILE,SOUTH KOREA,false,false,true
SOUTH SUDAN,SOUTH SUDAN,false,false,true
SOUTH SUDAN MOBILE,SOUTH SUDAN,false,false,true
SOUTH SUDAN MOBILE GEMTEL,SOUTH SUDAN,false,false,true
SOUTH SUDAN MOBILE MTN,SOUTH SUDAN,false,false,true
SOUTH SUDAN MOBILE VIVA,SOUTH SUDAN,false,false,true
SOUTH SUDAN MOBILE ZAIN,SOUTH SUDAN,false,false,true
SPAIN,SPAIN,false,false,true
SPAIN 3451 NON GEOGRAPHIC,SPAIN,false,false,true
SPAIN 800,SPAIN,false,false,true
SPAIN 900,SPAIN,false,false,true
SPAIN 901,SPAIN,false,false,true
SPAIN 902,SPAIN,false,false,true
SPAIN 905,SPAIN,false,false,true
SPAIN MOBILE,SPAIN,false,false,true
SPAIN MOBILE LYCATEL,SPAIN,false,false,true
SPAIN MOBILE MOVISTAR,SPAIN,false,false,true
SPAIN MOBILE ORANGE,SPAIN,false,false,true
SPAIN MOBILE VODAFONE,SPAIN,false,false,true
SPAIN MOBILE YOIGO,SPAIN,false,false,true
SPAIN PREMIUM,SPAIN,false,false,true
SPAIN SPECIAL SERVICES,SPAIN,false,false,true
SRI LANKA,SRI LANKA,false,false,true
SRI LANKA DIALOG,SRI LANKA,false,false,true
SRI LANKA LANKA BELL,SRI LANKA,false,false,true
SRI LANKA MOBILE AIRTEL,SRI LANKA,false,false,true
SRI LANKA MOBILE DIALOG,SRI LANKA,false,false,true
SRI LANKA MOBILE ETISALAT,SRI LANKA,false,false,true
SRI LANKA MOBILE HUTCHINSON,SRI LANKA,false,false,true
SRI LANKA MOBILE MOBITEL,SRI LANKA,false,false,true
SRI LANKA SLT,SRI LANKA,false,false,true
SRI LANKA SUNTEL,SRI LANKA,false,false,true
ST.HELENA,ST.HELENA,false,false,true
ST.KITTS & NEVIS,ST.KITTS & NEVIS,false,false,true
ST.KITTS & NEVIS MOBILE,ST.KITTS & NEVIS,false,false,true
ST.KITTS & NEVIS MOBILE DIGICEL,ST.KITTS & NEVIS,false,false,true
ST.LUCIA,ST.LUCIA,false,false,true
ST.LUCIA MOBILE,ST.LUCIA,false,false,true
ST.LUCIA MOBILE DIGICEL,ST.LUCIA,false,false,true
ST.MAARTEN,ST.MAARTEN,false,false,true
ST.MAARTEN MOBILE,ST.MAARTEN,false,false,true
ST.PIERRE AND MIQUELON,ST.PIERRE AND MIQUELON,false,false,true
ST.PIERRE AND MIQUELON MOBILE,ST.PIERRE AND MIQUELON,false,false,true
ST.VINCENT & GRENADINES,ST.VINCENT & GRENADINES,false,false,true
ST.VINCENT & GRENADINES MOBILE,ST.VINCENT & GRENADINES,false,false,true
ST.VINCENT & GRENADINES MOBILE DIGICEL,ST.VINCENT & GRENADINES,false,false,true
SUDAN,SUDAN,false,false,true
SUDAN CANARTEL,SUDAN,false,false,true
SUDAN KARTHOUM,SUDAN,false,false,true
SUDAN MOBILE MTN,SUDAN,false,false,true
SUDAN MOBILE NOW,SUDAN,false,false,true
SUDAN MOBILE SUDATEL,SUDAN,false,false,true
SUDAN MOBILE ZAIN,SUDAN,false,false,true
SURINAME,SURINAME,false,false,true
SURINAME MOBILE,SURINAME,false,false,true
SURINAME MOBILE DIGICEL,SURINAME,false,false,true
SWEDEN,SWEDEN,false,false,true
SWEDEN MOBILE,SWEDEN,false,false,true
SWEDEN MOBILE HI3G,SWEDEN,false,false,true
SWEDEN MOBILE LYCATEL,SWEDEN,false,false,true
SWEDEN MOBILE TELE2 COMVIQ,SWEDEN,false,false,true
SWEDEN MOBILE TELENOR,SWEDEN,false,false,true
SWEDEN MOBILE TELIA,SWEDEN,false,false,true
SWEDEN SHARED COST,SWEDEN,false,false,true
SWITZERLAND,SWITZERLAND,false,false,true
SWITZERLAND MOBILE,SWITZERLAND,false,false,true
SWITZERLAND MOBILE LYCAMOBILE,SWITZERLAND,false,false,true
SWITZERLAND MOBILE SALT MOBILE SA,SWITZERLAND,false,false,true
SWITZERLAND MOBILE SUNRISE,SWITZERLAND,false,false,true
SWITZERLAND MOBILE SWISSCOMI,SWITZERLAND,false,false,true
SYRIA,SYRIA,false,false,true
SYRIA MOBILE MTN,SYRIA,false,false,true
SYRIA MOBILE SYRIATEL,SYRIA,false,false,true
TAIWAN,TAIWAN,false,false,true
TAIWAN MOBILE,TAIWAN,false,false,true
TAIWAN MOBILE CHTT,TAIWAN,false,false,true
TAIWAN TAIPEI,TAIWAN,false,false,true
TAJIKISTAN,TAJIKISTAN,false,false,true
TAJIKISTAN ALTERNATIVE NETWORKS,TAJIKISTAN,false,false,true
TAJIKISTAN DUSHANBE,TAJIKISTAN,false,false,true
TAJIKISTAN MOBILE,TAJIKISTAN,false,false,true
TAJIKISTAN MOBILE BABILON,TAJIKISTAN,false,false,true
TAJIKISTAN MOBILE TACOM,TAJIKISTAN,false,false,true
TAJIKISTAN MOBILE TCELL,TAJIKISTAN,false,false,true
TAJIKISTAN MOBILE TK,TAJIKISTAN,false,false,true
TAJIKISTAN MOBILE TTMOBILE,TAJIKISTAN,false,false,true
TANZANIA,TANZANIA,false,false,true
TANZANIA MOBILE,TANZANIA,false,false,true
TANZANIA MOBILE AIRTEL,TANZANIA,false,false,true
TANZANIA MOBILE BENSON,TANZANIA,false,false,true
TANZANIA MOBILE HITS,TANZANIA,false,false,true
TANZANIA MOBILE SASATEL,TANZANIA,false,false,true
TANZANIA MOBILE TIGO,TANZANIA,false,false,true
TANZANIA MOBILE TTCL,TANZANIA,false,false,true
TANZANIA MOBILE VODACOM,TANZANIA,false,false,true
TANZANIA MOBILE ZANTEL,TANZANIA,false,false,true
THAILAND,THAILAND,false,false,true
THAILAND BANGKOK,THAILAND,false,false,true
THAILAND MOBILE,THAILAND,false,false,true
THAILAND MOBILE AIS,THAILAND,false,false,true
THAILAND MOBILE DTAC,THAILAND,false,false,true
THAILAND MOBILE TRUE,THAILAND,false,false,true
TOGO,TOGO,false,false,true
TOGO MOBILE MOOV,TOGO,false,false,true
TOGO MOBILE TOGOCEL,TOGO,false,false,true
TOKELAU,TOKELAU,false,false,true
TONGA,TONGA,false,false,true
TRINIDAD & TOBAGO,TRINIDAD & TOBAGO,false,false,true
TRINIDAD & TOBAGO MOBILE,TRINIDAD & TOBAGO,false,false,true
TRINIDAD & TOBAGO MOBILE DIGICEL,TRINIDAD & TOBAGO,false,false,true
TUNISIA,TUNISIA,false,false,true
TUNISIA MOBILE CAYON,TUNISIA,false,false,true
TUNISIA MOBILE LYCAMOBILE,TUNISIA,false,false,true
TUNISIA MOBILE ORANGE,TUNISIA,false,false,true
TUNISIA MOBILE TUNISIANA,TUNISIA,false,false,true
TUNISIA MOBILE TUNTEL,TUNISIA,false,false,true
TUNISIA ORANGE,TUNISIA,false,false,true
TURKEY,TURKEY,false,false,true
TURKEY CITIES,TURKEY,false,false,true
TURKEY CITIES 2,TURKEY,false,false,true
TURKEY MOBILE,TURKEY,false,false,true
TURKEY MOBILE AVEA,TURKEY,false,false,true
TURKEY MOBILE TURKCELL,TURKEY,false,false,true
TURKEY MOBILE TURKCELL NORTH CYP,TURKEY,false,false,true
TURKEY MOBILE VODAFONE,TURKEY,false,false,true
TURKEY MOBILE VODAFONE NORTH CYP,TURKEY,false,false,true
TURKEY NORTH CYPRUS,TURKEY,false,false,true
TURKEY SPECIAL SERVICES,TURKEY,false,false,true
TURKMENISTAN,TURKMENISTAN,false,false,true
TURKMENISTAN MOBILE,TURKMENISTAN,false,false,true
TURKS & CAICOS ISLANDS,TURKS & CAICOS,false,false,true
TURKS & CAICOS ISLANDS MOBILE,TURKS & CAICOS,false,false,true
TURKS & CAICOS ISLANDS MOBILE DIGICEL,TURKS & CAICOS,false,false,true
TUVALU ISLANDS,TUVALU,false,false,true
TUVALU ISLANDS MOBILE,TUVALU,false,false,true
U.A.E.,U.A.E.,false,false,true
U.A.E. MOBILE DU,U.A.E.,false,false,true
U.A.E. MOBILE ETISALAT,U.A.E.,false,false,true
UGANDA,UGANDA,false,false,true
UGANDA MOBILE CELTEL,UGANDA,false,false,true
UGANDA MOBILE MTN,UGANDA,false,false,true
UGANDA MOBILE ORANGE,UGANDA,false,false,true
UGANDA MOBILE TELECEL,UGANDA,false,false,true
UGANDA MOBILE VODAFONE,UGANDA,false,false,true
UGANDA MTN,UGANDA,false,false,true
U.K.,U.K.,false,false,true
U.K. FREEPHONE,U.K.,false,false,true
U.K. LONDON,U.K.,false,false,true
U.K. MOBILE,U.K.,false,false,true
U.K. MOBILE 3G,U.K.,false,false,true
U.K. MOBILE JERSEY,U.K.,false,false,true
U.K. MOBILE LYCATEL,U.K.,false,false,true
U.K. MOBILE O2,U.K.,false,false,true
U.K. MOBILE ORANGE,U.K.,false,false,true
U.K. MOBILE PNS,U.K.,false,false,true
U.K. MOBILE TMOBILE,U.K.,false,false,true
U.K. MOBILE VODAFONE,U.K.,false,false,true
U.K. NTS,U.K.,false,false,true
U.K. NTS 871,U.K.,false,false,true
UKRAINE,UKRAINE,false,false,true
UKRAINE DNIPROPETROVSK,UKRAINE,false,false,true
UKRAINE KHARKOV,UKRAINE,false,false,true
UKRAINE KIEV,UKRAINE,false,false,true
UKRAINE LVIV,UKRAINE,false,false,true
UKRAINE MOBILE ASTELIT,UKRAINE,false,false,true
UKRAINE MOBILE INTERTELECOM,UKRAINE,false,false,true
UKRAINE MOBILE KIEVSTAR,UKRAINE,false,false,true
UKRAINE MOBILE TELESYSTEMS,UKRAINE,false,false,true
UKRAINE MOBILE UKRTELECOM,UKRAINE,false,false,true
UKRAINE MOBILE VODAFONE,UKRAINE,false,false,true
UKRAINE ODESSA,UKRAINE,false,false,true
UNIVERSAL TELEPHONE SERVICE UPT,UNIVERSAL TELEPHONE SERVICE UPT,false,false,true
URUGUAY,URUGUAY,false,false,true
URUGUAY MOBILE,URUGUAY,false,false,true
URUGUAY MOBILE ANCEL,URUGUAY,false,false,true
URUGUAY MOBILE CLARO,URUGUAY,false,false,true
URUGUAY MOBILE MOVISTAR,URUGUAY,false,false,true
URUGUAY MONTEVIDEO,URUGUAY,false,false,true
U.S.A.,U.S.A.,false,false,true
U.S.A. ALASKA,U.S.A.,false,false,true
U.S.A. HAWAII,U.S.A.,false,false,true
U.S.A. HAWAII HIGH COST,U.S.A.,false,false,true
U.S.A. TOLL FREE,U.S.A.,false,false,true
U.S.A. VIRGIN ISLANDS,US VIRGIN ISLANDS,false,false,true
UZBEKISTAN,UZBEKISTAN,false,false,true
UZBEKISTAN MOBILE,UZBEKISTAN,false,false,true
UZBEKISTAN MOBILE BEELINE,UZBEKISTAN,false,false,true
UZBEKISTAN MOBILE COSCOM,UZBEKISTAN,false,false,true
UZBEKISTAN MOBILE UZDUNROBITA,UZBEKISTAN,false,false,true
UZBEKISTAN MOBILE UZMACOM,UZBEKISTAN,false,false,true
UZBEKISTAN TASHKENT,UZBEKISTAN,false,false,true
VANUATU,VANUATU,false,false,true
VANUATU MOBILE,VANUATU,false,false,true
VANUATU MOBILE DIGICEL,VANUATU,false,false,true
VATICAN CITY,VATICAN CITY,false,false,true
VENEZUELA,VENEZUELA,false,false,true
VENEZUELA BARQUISIMETO,VENEZUELA,false,false,true
VENEZUELA CARACAS,VENEZUELA,false,false,true
VENEZUELA CITIES OFF NET,VENEZUELA,false,false,true
VENEZUELA MARACAIBO,VENEZUELA,false,false,true
VENEZUELA MOBILE,VENEZUELA,false,false,true
VENEZUELA MOBILE DIGITEL,VENEZUELA,false,false,true
VENEZUELA MOBILE MOVILNET,VENEZUELA,false,false,true
VENEZUELA MOBILE MOVISTAR,VENEZUELA,false,false,true
VENEZUELA PUERTO ORDAZ,VENEZUELA,false,false,true
VENEZUELA VALENCIA,VENEZUELA,false,false,true
VIETNAM,VIETNAM,false,false,true
VIETNAM HO CHI MINH CITY,VIETNAM,false,false,true
VIETNAM MOBILE,VIETNAM,false,false,true
VIETNAM MOBILE MOBIFONE,VIETNAM,false,false,true
VIETNAM MOBILE VIETTEL,VIETNAM,false,false,true
VIETNAM MOBILE VINAFONE,VIETNAM,false,false,true
VIETNAM PREMIUM,VIETNAM,false,false,true
WALLIS & FUTUNA,WALLIS & FUTUNA,false,false,true
WESTERN SAMOA,WESTERN SAMOA,false,false,true
WESTERN SAMOA MOBILE,WESTERN SAMOA,false,false,true
WESTERN SAMOA MOBILE DIGICEL,WESTERN SAMOA,false,false,true
YEMEN,YEMEN,false,false,true
YEMEN MOBILE,YEMEN,false,false,true
YEMEN MOBILE MTN,YEMEN,false,false,true
YEMEN MOBILE SABAFONE,YEMEN,false,false,true
YEMEN MOBILE YEMENTEL,YEMEN,false,false,true
ZAMBIA,ZAMBIA,false,false,true
ZAMBIA MOBILE,ZAMBIA,false,false,true
ZAMBIA MOBILE MTN,ZAMBIA,false,false,true
ZAMBIA MOBILE ZAIN,ZAMBIA,false,false,true
ZAMBIA MOBILE ZAMTEL,ZAMBIA,false,false,true
ZIMBABWE,ZIMBABWE,false,false,true
ZIMBABWE MOBILE ECONECT,ZIMBABWE,false,false,true
ZIMBABWE MOBILE NETONE,ZIMBABWE,false,false,true
ZIMBABWE MOBILE TELECEL,ZIMBABWE,false,false,true